Date,"Gewicht (kg)","Fettmasse (kg)","Knochenmasse (kg)","Muskelmasse (kg)","Wasseranteil (kg)",Kommentare
"2026-04-01 09:11:39",70.20,9.54,3.04,57.60,42.82,
"2026-03-31 08:40:03",70.14,9.64,3.03,57.46,42.62,
"2026-03-30 08:36:24",70.72,10.31,3.02,57.37,42.24,
"2026-03-29 11:57:02",70.59,9.74,3.05,57.78,42.91,
"2026-03-28 09:59:33",70.82,9.99,3.05,57.76,42.78,
"2026-03-27 08:54:36",70.77,10.05,3.04,57.67,42.65,
"2026-03-26 08:12:16",70.94,10.06,3.05,57.81,42.80,
"2026-03-25 08:26:31",71.66,10.25,3.08,58.32,43.24,
"2026-03-24 08:10:47",71.26,9.96,3.08,58.21,43.27,
"2026-03-23 08:15:05",71.55,10.02,3.09,58.42,43.45,
"2026-03-22 09:42:56",71.38,9.99,3.08,58.29,43.33,
"2026-03-21 08:10:25",72.49,10.58,3.10,58.80,43.60,
"2026-03-20 08:38:16",72.57,10.27,3.13,59.15,44.11,
"2026-03-19 08:30:24",72.40,10.36,3.11,58.92,43.82,
"2026-03-18 08:32:15",72.50,10.87,3.08,58.53,43.21,
"2026-03-17 08:57:13",72.64,11.21,3.07,58.34,42.91,
"2026-03-15 09:29:25",73.73,11.40,3.12,59.20,43.70,
"2026-03-14 08:47:44",73.83,11.33,3.13,59.35,43.88,
"2026-03-13 08:48:07",74.31,11.15,3.17,59.97,44.56,
"2026-03-11 08:01:43",75.29,11.65,3.19,60.44,44.84,
"2026-03-10 08:03:07",74.24,11.27,3.15,59.79,44.33,
"2026-03-10 07:49:43",74.45,11.42,3.16,59.86,44.34,
"2026-03-09 07:44:32",74.82,11.69,3.16,59.96,44.35,
"2026-03-08 08:52:47",74.79,11.70,3.16,59.92,44.30,
"2026-03-07 07:44:10",75.66,11.68,3.21,60.76,45.14,
"2026-03-06 08:04:39",76.18,11.85,3.23,61.10,45.40,
"2026-03-05 07:37:18",76.04,12.60,3.17,60.26,44.37,
"2026-03-04 07:48:40",76.07,11.99,3.21,60.85,45.11,
"2026-03-03 08:19:58",77.44,12.79,3.23,61.41,45.40,
"2026-03-02 08:25:15",76.35,12.08,3.22,61.04,45.27,
"2026-03-01 07:33:10",75.99,12.15,3.19,60.62,44.84,
"2026-02-28 07:59:17",75.36,11.58,3.20,60.57,44.99,
"2026-02-27 08:12:56",75.90,11.73,3.22,60.94,45.29,
"2026-02-26 08:21:12",75.45,11.56,3.20,60.67,45.10,
"2026-02-25 07:38:39",74.99,11.48,3.18,60.32,44.77,
"2026-02-24 21:46:43",76.77,11.67,3.27,61.82,46.19,
"2026-02-23 20:54:02",78.16,10.69,3.44,64.01,48.95,
"2026-02-21 09:10:00",75.07,11.22,3.21,60.63,45.19,
"2026-02-19 08:28:07",72.65,10.69,3.10,58.85,43.61,
"2026-02-15 08:36:47",71.12,9.90,3.07,58.13,43.20,
"2026-02-14 08:16:52",69.25,9.65,2.98,56.60,41.70,
"2026-02-12 08:19:08",69.39,9.99,2.97,56.41,41.36,
"2026-02-08 11:35:38",70.28,10.21,3.00,57.04,41.94,
"2026-02-07 08:57:59",70.16,9.99,3.01,57.14,42.12,
"2026-02-06 09:07:43",70.39,10.07,3.02,57.29,42.25,
"2026-02-02 08:56:57",68.54,9.66,2.95,55.91,40.97,
"2026-01-31 17:26:23",68.96,10.38,2.93,55.64,40.46,
"2026-01-31 08:27:42",68.99,9.91,2.95,56.10,41.07,
"2026-01-30 10:23:10",69.25,9.96,2.97,56.30,41.27,
"2026-01-29 08:47:37",69.16,10.23,2.95,55.97,40.84,
"2026-01-27 08:36:07",69.36,10.19,2.96,56.20,41.08,
"2026-01-25 11:05:15",69.75,9.86,3.00,56.87,41.89,
"2026-01-23 08:10:12",69.93,10.32,2.98,56.62,41.47,
"2026-01-22 08:34:35",69.77,9.85,3.00,56.90,41.93,
"2026-01-21 08:12:14",70.08,9.94,3.01,57.11,42.11,
"2026-01-20 09:07:01",69.85,9.82,3.01,57.01,42.06,
"2026-01-19 08:14:21",69.11,10.10,2.95,56.05,40.96,
"2026-01-18 09:06:47",70.40,10.66,2.98,56.74,41.48,
"2026-01-17 10:50:32",69.77,9.90,3.00,56.86,41.87,
"2026-01-15 08:33:04",69.00,10.03,2.95,56.00,40.93,
"2026-01-14 08:22:46",69.20,9.69,2.98,56.52,41.59,
"2026-01-13 08:00:16",68.77,10.00,2.94,55.82,40.75,
"2026-01-12 14:30:57",69.94,10.02,3.00,56.91,41.87,
"2026-01-11 10:36:50",68.84,9.96,2.94,55.91,40.86,
"2026-01-10 08:09:38",69.92,10.33,2.98,56.59,41.43,
"2026-01-09 07:01:58",69.95,10.03,3.00,56.91,41.87,
"2026-01-08 07:17:51",69.77,10.12,2.98,56.64,41.56,
"2026-01-07 09:44:56",69.72,9.95,2.99,56.76,41.75,
"2026-01-06 07:38:24",70.52,10.44,3.00,57.06,41.87,
"2026-01-05 08:20:17",69.60,10.10,2.98,56.50,41.42,
"2026-01-04 11:14:59",70.25,10.35,3.00,56.90,41.74,
"2026-01-03 09:24:26",71.11,10.83,3.01,57.25,41.95,
"2026-01-02 07:23:57",71.47,10.93,3.02,57.50,42.16,
"2026-01-01 10:57:49",70.42,10.68,2.99,56.75,41.49,
"2025-12-31 10:18:46",69.76,10.47,2.96,56.31,41.11,
"2025-12-30 09:20:17",69.73,10.65,2.95,56.11,40.86,
"2025-12-29 09:07:51",69.52,10.72,2.94,55.84,40.57,
"2025-12-28 09:49:27",69.94,10.70,2.96,56.27,41.00,
"2025-12-27 11:00:20",68.56,10.46,2.90,55.18,39.98,
"2025-12-26 08:49:47",69.12,10.95,2.91,55.25,39.95,
"2025-12-25 08:05:06",69.70,10.63,2.95,56.10,40.85,
"2025-12-24 07:58:34",70.03,10.52,2.97,56.52,41.30,
"2025-12-22 08:20:13",70.28,10.58,2.98,56.70,41.47,
"2025-12-21 09:16:59",70.11,10.51,2.98,56.60,41.39,
"2025-12-20 07:14:32",70.67,10.73,2.99,56.93,41.66,
"2025-12-19 07:49:47",70.88,10.77,3.00,57.09,41.80,
"2025-12-18 08:52:18",70.65,11.06,2.98,56.60,41.24,
"2025-12-17 08:29:52",71.09,11.21,2.99,56.87,41.47,
"2025-12-16 09:15:19",71.49,11.10,3.02,57.36,41.98,
"2025-12-15 19:18:46",72.49,11.57,3.04,57.87,42.35,
"2025-12-14 09:12:36",72.34,11.59,3.03,57.70,42.18,
"2025-12-13 08:04:30",73.50,11.67,3.09,58.72,43.15,
"2025-12-12 07:55:56",73.92,11.95,3.09,58.86,43.21,
"2025-12-11 08:09:07",75.04,11.81,3.16,60.05,44.39,
"2025-12-10 08:15:08",75.88,11.12,3.26,61.49,46.09,
"2025-12-09 10:13:10",76.08,12.40,3.18,60.49,44.64,
"2025-12-09 08:32:54",76.16,12.06,3.21,60.88,45.11,
"2025-12-08 08:17:40",76.72,11.87,3.25,61.58,45.87,
"2025-12-07 08:29:44",77.28,12.02,3.28,61.97,46.18,
"2025-12-05 08:12:44",75.16,11.29,3.21,60.66,45.18,
"2025-12-04 08:05:09",75.36,11.49,3.20,60.65,45.10,
"2025-12-03 08:09:42",75.97,11.64,3.23,61.08,45.46,
"2025-12-02 08:48:59",75.27,,,,,
"2025-11-28 08:41:47",69.62,10.28,2.97,56.35,41.21,
"2025-11-27 09:55:05",69.72,9.74,3.00,56.96,42.04,
"2025-11-25 08:08:35",69.41,9.94,2.98,56.48,41.45,
"2025-11-23 08:56:03",69.37,10.19,2.96,56.21,41.09,
"2025-11-20 08:39:21",69.58,10.14,2.97,56.46,41.36,
"2025-11-14 09:02:28",69.26,10.70,2.93,55.62,40.36,
"2025-11-13 08:43:41",68.17,9.55,2.93,55.67,40.76,
"2025-11-10 08:27:27",67.54,9.57,2.90,55.05,40.10,
"2025-11-09 10:04:35",66.84,9.32,2.88,54.62,39.73,
"2025-11-08 08:04:10",67.36,9.32,2.91,55.12,40.26,
"2025-11-07 08:15:01",68.29,9.50,2.94,55.83,40.94,
"2025-11-06 07:44:27",68.59,9.29,2.97,56.31,41.54,
"2025-11-04 08:24:04",68.12,9.30,2.95,55.87,41.06,
"2025-11-03 08:17:02",67.60,8.97,2.94,55.68,41.00,
"2025-10-31 09:58:59",67.78,9.31,2.93,55.53,40.69,
"2025-10-28 08:50:24",66.15,8.95,2.87,54.32,39.54,
"2025-10-24 08:42:08",65.62,8.86,2.84,53.90,39.11,
"2025-10-23 08:42:46",66.42,8.69,2.89,54.82,40.19,
"2025-10-20 08:26:21",64.24,8.05,2.82,53.36,38.84,
"2025-10-19 10:22:06",65.23,8.21,2.86,54.15,39.67,
"2025-10-16 07:05:57",65.45,8.53,2.85,54.05,39.40,
"2025-10-15 07:14:58",65.99,8.70,2.87,54.41,39.73,
"2025-10-13 14:35:10",65.94,8.63,2.87,54.42,39.78,
"2025-10-11 13:12:36",65.16,8.55,2.84,53.75,39.07,
"2025-10-10 08:12:29",65.85,8.57,2.87,54.39,39.76,
"2025-10-09 08:43:46",66.21,8.61,2.89,54.70,40.08,
"2025-10-08 09:43:26",66.10,8.65,2.88,54.55,39.91,
"2025-10-07 10:03:36",65.71,8.73,2.86,54.11,39.39,
"2025-10-05 10:26:49",66.50,9.30,2.86,54.32,39.41,
"2025-10-04 10:27:02",67.00,9.40,2.88,54.70,39.78,
"2025-10-03 10:07:46",67.65,9.76,2.90,54.98,39.96,
"2025-10-02 08:58:43",69.33,10.13,2.96,56.23,41.13,
"2025-09-29 14:17:40",69.93,,,,,
"2025-09-27 10:31:33",69.32,10.36,2.95,56.00,40.82,
"2025-09-26 09:19:00",67.98,9.89,2.91,55.18,40.13,
"2025-09-25 08:44:40",68.29,9.93,2.92,55.43,40.37,
"2025-09-24 08:28:48",68.71,10.20,2.92,55.57,40.44,
"2025-09-23 08:20:12",69.44,10.68,2.94,55.81,40.56,
"2025-09-22 08:26:44",70.07,10.42,2.98,56.65,41.47,
"2025-09-21 09:31:57",72.03,11.14,3.04,57.83,42.43,
"2025-09-20 07:19:26",72.75,11.32,3.07,58.35,42.88,
"2025-09-19 09:50:17",73.04,11.45,3.08,58.49,42.99,
"2025-09-14 10:09:05",70.87,10.72,3.01,57.13,41.85,
"2025-09-14 10:02:58",70.98,10.79,3.01,57.17,41.88,
"2025-09-13 06:26:33",71.18,10.77,3.02,57.38,42.09,
"2025-09-12 08:37:05",70.57,10.50,3.00,57.05,41.85,
"2025-09-10 08:12:38",69.88,10.36,2.97,56.52,41.36,
"2025-09-09 06:52:53",70.02,10.49,2.97,56.54,41.33,
"2025-09-07 09:42:52",69.81,10.32,2.97,56.50,41.34,
"2025-09-06 07:04:29",70.27,10.02,3.02,57.22,42.19,
"2025-09-05 07:02:49",69.67,10.04,2.98,56.63,41.57,
"2025-09-04 06:47:21",69.79,10.13,2.98,56.66,41.57,
"2025-09-03 06:50:14",70.00,10.17,2.99,56.82,41.72,
"2025-09-02 07:25:15",70.84,10.62,3.01,57.20,41.96,
"2025-09-01 07:49:48",70.55,10.11,3.02,57.40,42.33,
"2025-08-31 09:15:38",70.98,10.32,3.03,57.61,42.47,
"2025-08-30 06:56:35",70.07,9.93,3.01,57.11,42.11,
"2025-08-29 14:22:35",70.22,9.86,3.02,57.32,42.36,
"2025-08-28 08:21:28",69.04,10.00,2.95,56.07,41.01,
"2025-08-26 10:07:45",68.33,,,,,
"2025-08-25 08:45:07",68.49,9.74,2.94,55.80,40.82,
"2025-08-24 22:40:13",69.23,10.42,2.94,55.85,40.66,
"2025-08-24 22:34:18",69.20,,,,,
"2025-08-24 22:33:03",69.21,,,,,
"2025-08-24 22:32:43",69.21,,,,,
"2025-08-24 13:25:44",69.93,,,,,
"2025-08-24 13:17:24",69.78,,,,,
"2025-08-24 13:17:03",69.73,,,,,
"2025-08-22 16:05:17",73.02,9.65,3.20,60.15,45.49,
"2025-08-21 20:43:55",72.98,10.88,3.11,58.98,43.65,
"2025-08-12 16:54:54",69.11,9.05,3.01,57.02,42.43,
"2025-08-09 08:16:05",65.92,8.34,2.89,54.67,40.18,
"2025-08-08 09:36:37",65.13,8.10,2.86,54.16,39.72,
"2025-08-07 13:34:36",66.11,8.09,2.91,55.09,40.80,
"2025-08-02 08:17:38",64.51,7.68,2.85,53.96,39.72,
"2025-08-01 08:18:27",64.47,8.07,2.83,53.56,39.05,
"2025-07-31 14:45:46",65.77,7.84,2.91,55.01,40.85,
"2025-07-30 07:54:07",66.86,8.74,2.91,55.19,40.57,
"2025-07-29 15:19:30",66.24,7.91,2.93,55.39,41.25,
"2025-07-27 09:00:09",66.45,,,,,
"2025-07-26 09:47:17",67.85,,,,,
"2025-07-25 09:27:12",69.76,,,,,
"2025-07-23 19:14:13",70.77,8.33,3.17,59.26,45.46,
"2025-07-13 11:03:49",68.34,,,,,
"2025-07-12 09:09:52",66.59,,,,,
"2025-07-09 16:52:33",67.30,7.75,3.01,56.53,42.72,
"2025-07-08 09:44:52",66.19,,,,,
"2025-07-07 07:57:19",65.09,,,,,
"2025-07-06 09:10:19",66.13,7.99,2.92,55.21,40.98,
"2025-07-05 10:03:45",65.58,7.64,2.91,55.01,40.99,
"2025-07-04 12:31:28",66.24,7.60,2.95,55.67,41.80,
"2025-07-02 09:01:11",67.48,8.57,2.96,55.93,41.48,
"2025-07-01 16:31:09",69.06,8.47,3.05,57.52,43.34,
"2025-06-30 08:27:12",68.23,,,,,
"2025-06-28 09:40:35",67.23,8.53,2.95,55.74,41.28,
"2025-06-27 09:17:55",67.32,8.56,2.95,55.80,41.33,
"2025-06-26 14:10:28",69.23,8.65,3.05,57.52,43.22,
"2025-06-21 10:07:50",69.75,,,,,
"2025-06-19 07:55:36",69.47,,,,,
"2025-06-18 14:55:23",69.53,8.32,3.09,58.11,44.12,
"2025-06-18 07:44:24",69.57,,,,,
"2025-06-17 15:12:59",69.79,8.36,3.11,58.31,44.32,
"2025-06-16 07:55:25",70.26,9.50,3.05,57.69,42.91,
"2025-06-13 14:00:32",71.10,9.62,3.09,58.38,43.59,
"2025-06-12 15:03:17",71.07,9.01,3.13,58.91,44.53,
"2025-06-12 07:40:43",70.17,,,,,
"2025-06-11 13:52:00",71.61,9.60,3.12,58.87,44.13,
"2025-06-11 13:51:06",71.67,9.66,3.12,58.88,44.10,
"2025-06-09 14:51:16",72.37,9.67,3.16,59.53,44.79,
"2025-06-09 09:27:40",71.72,,,,,
"2025-06-07 11:36:31",72.92,9.23,3.23,60.45,46.09,
"2025-06-06 16:51:47",73.27,9.24,3.25,60.77,46.43,
"2025-06-05 14:49:51",72.04,9.25,3.17,59.60,45.13,
"2025-06-04 16:08:51",72.39,9.39,3.18,59.80,45.26,
"2025-06-04 07:27:39",71.80,,,,,
"2025-06-03 14:25:42",72.02,9.95,3.12,58.94,44.01,
"2025-06-03 08:20:56",72.11,,,,,
"2025-06-01 09:03:52",71.61,10.74,3.04,57.82,42.54,
"2025-05-31 09:01:10",70.54,,,,,
"2025-05-30 15:31:46",72.55,10.25,3.13,59.16,44.10,
"2025-05-30 09:11:31",71.57,10.44,3.06,58.06,42.89,
"2025-05-29 08:46:17",71.23,10.77,3.02,57.43,42.14,
"2025-05-28 07:54:59",71.22,,,,,
"2025-05-26 15:18:34",72.19,9.81,3.14,59.23,44.39,
"2025-05-25 18:11:19",73.63,11.31,3.12,59.19,43.71,
"2025-05-25 10:13:50",71.44,,,,,
"2025-05-24 12:51:50",72.11,10.11,3.11,58.88,43.87,
"2025-05-23 15:39:30",71.73,10.53,3.06,58.13,42.92,
"2025-05-22 16:00:29",70.95,9.99,3.05,57.88,42.89,
"2025-05-22 07:37:08",70.22,,,,,
"2025-05-21 14:46:11",71.37,10.22,3.06,58.07,42.99,
"2025-05-20 15:51:02",72.11,10.37,3.09,58.64,43.51,
"2025-05-19 17:31:16",71.99,10.41,3.08,58.48,43.32,
"2025-05-18 09:18:40",72.19,11.34,3.04,57.80,42.34,
"2025-05-17 11:05:27",73.25,11.48,3.08,58.67,43.15,
"2025-05-16 15:40:50",73.17,10.86,3.12,59.17,43.85,
"2025-05-15 15:17:58",74.03,11.08,3.15,59.78,44.38,
"2025-05-15 15:07:43",74.06,11.03,3.16,59.85,44.46,
"2025-05-14 20:05:47",74.30,11.83,3.12,59.34,43.69,
"2025-05-13 15:22:20",74.38,10.89,3.19,60.29,44.97,
"2025-05-12 14:38:36",75.20,11.68,3.18,60.32,44.69,
"2025-05-11 07:22:55",75.54,12.37,3.15,60.00,44.17,
"2025-05-10 13:22:16",75.23,10.97,3.23,61.01,45.66,
"2025-05-09 17:18:38",75.53,11.33,3.22,60.97,45.46,
"2025-05-08 14:42:09",76.12,11.74,3.23,61.14,45.47,
"2025-05-07 17:27:15",75.60,11.13,3.24,61.22,45.80,
"2025-05-05 15:15:59",77.55,12.14,3.28,62.11,46.26,
"2025-05-04 22:11:08",78.21,,,,,
"2025-05-03 10:24:17",78.40,,,,,
"2025-05-02 08:11:13",78.28,,,,,
"2025-05-01 08:44:17",77.32,13.01,3.21,61.08,45.03,
"2025-04-29 07:39:43",79.29,13.60,3.28,62.39,46.09,
"2025-04-28 15:32:39",79.86,11.77,3.45,64.62,48.90,
"2025-04-27 10:50:56",79.74,12.28,3.40,64.04,48.08,
"2025-04-26 15:27:45",80.78,,,,,
"2025-04-25 14:28:24",79.84,12.70,3.38,63.75,47.63,
"2025-04-24 15:26:16",79.56,12.91,3.34,63.28,47.12,
"2025-04-24 08:26:26",78.51,13.39,3.25,61.85,45.64,
"2025-04-23 15:55:02",79.55,13.19,3.32,63.02,46.78,
"2025-04-22 15:37:06",79.59,13.29,3.32,62.96,46.70,
"2025-04-21 16:29:02",81.52,13.81,3.40,64.30,47.78,
"2025-04-21 09:31:09",79.70,13.60,3.31,62.78,46.45,
"2025-04-19 18:43:38",79.53,13.18,3.32,63.01,46.78,
"2025-04-18 11:49:47",80.68,13.82,3.35,63.50,47.05,
"2025-04-18 09:33:43",81.18,14.01,3.36,63.79,47.26,
"2025-04-17 08:32:11",80.94,13.49,3.38,64.04,47.64,
"2025-04-17 08:31:31",80.92,13.61,3.37,63.92,47.49,
"2025-04-16 07:47:26",81.01,12.59,3.46,64.94,48.82,
"2025-04-15 08:03:57",81.10,12.51,3.47,65.11,49.02,
"2025-04-11 13:40:43",79.22,12.36,3.37,63.47,47.50,
"2025-04-10 14:11:42",79.41,12.62,3.36,63.41,47.34,
"2025-04-10 07:41:00",78.81,,,,,
"2025-04-09 14:15:27",79.70,12.78,3.36,63.55,47.41,
"2025-04-08 07:56:37",78.73,,,,,
"2025-04-07 14:58:12",78.86,12.29,3.35,63.20,47.26,
"2025-04-04 14:55:17",77.42,12.80,3.23,61.37,45.35,
"2025-04-04 08:14:09",76.81,,,,,
"2025-04-03 07:32:20",76.83,,,,,
"2025-04-02 15:31:09",77.13,12.42,3.24,61.46,45.54,
"2025-04-01 08:29:03",77.83,,,,,
"2025-03-31 15:25:03",78.36,12.57,3.30,62.48,46.46,
"2025-03-31 07:40:23",79.10,13.72,3.26,62.10,45.80,
"2025-03-30 12:04:17",78.43,14.11,3.20,61.11,44.83,
"2025-03-28 15:03:54",78.47,13.13,3.27,62.06,45.90,
"2025-03-28 07:49:30",77.64,,,,,
"2025-03-27 14:49:42",77.78,13.04,3.23,61.49,45.40,
"2025-03-25 16:20:34",78.00,13.13,3.24,61.61,45.49,
"2025-03-25 07:26:01",77.73,,,,,
"2025-03-24 06:49:12",77.53,13.67,3.18,60.66,44.50,
"2025-03-23 08:14:48",77.16,13.93,3.15,60.07,43.94,
"2025-03-22 13:37:07",78.12,14.15,3.18,60.78,44.53,
"2025-03-22 07:43:06",77.28,,,,,
"2025-03-21 14:56:21",77.42,13.46,3.19,60.75,44.63,
"2025-03-21 07:49:48",76.94,,,,,
"2025-03-20 14:27:40",77.15,13.19,3.19,60.75,44.68,
"2025-03-19 08:10:06",76.91,13.81,3.14,59.95,43.85,
"2025-03-18 07:37:04",77.06,,,,,
"2025-03-16 09:00:32",76.72,,,,,
"2025-03-15 09:05:08",76.58,,,,,
"2025-03-14 08:21:30",76.94,,,,,
"2025-03-13 15:36:55",77.76,13.29,3.22,61.24,45.11,
"2025-03-12 14:28:33",77.19,13.32,3.18,60.66,44.58,
"2025-03-12 07:30:57",76.59,,,,,
"2025-03-11 15:24:19",77.83,13.71,3.20,60.91,44.73,
"2025-03-10 15:49:45",78.38,13.16,3.26,61.95,45.80,
"2025-03-10 07:22:20",78.15,13.78,3.21,61.14,44.92,
"2025-03-09 07:59:50",77.12,14.52,3.11,59.48,43.35,
"2025-03-08 07:49:28",76.99,14.46,3.11,59.40,43.29,
"2025-03-07 07:53:07",76.69,14.35,3.10,59.23,43.15,
"2025-03-06 15:26:32",78.49,14.06,3.21,61.21,44.93,
"2025-03-04 13:22:59",77.66,13.89,3.18,60.58,44.40,
"2025-03-02 09:21:43",78.41,15.04,3.15,60.20,43.93,
"2025-02-28 15:03:44",77.80,14.98,3.12,59.67,43.49,
"2025-02-28 08:47:00",77.65,14.59,3.14,59.91,43.72,
"2025-02-28 08:37:49",77.71,,,,,
"2025-02-27 09:03:04",79.10,,,,,
"2025-02-26 14:47:10",78.78,14.27,3.21,61.28,44.96,
"2025-02-26 07:20:25",79.93,14.93,3.23,61.74,45.27,
"2025-02-25 09:04:45",79.99,,,,,
"2025-02-25 08:25:52",80.52,,,,,
"2025-02-24 11:33:34",81.82,14.22,3.38,64.20,47.58,
"2025-02-22 14:37:18",79.59,,,,,
"2025-02-21 08:45:26",79.12,14.52,3.22,61.37,45.01,
"2025-02-21 08:39:22",79.11,,,,,
"2025-02-19 13:11:54",78.60,,,,,
"2025-02-17 18:14:42",79.81,13.68,3.31,62.81,46.45,
"2025-02-17 15:12:44",79.95,,,,,
"2025-02-15 12:54:45",77.11,13.70,3.16,60.23,44.12,
"2025-02-14 08:07:00",76.91,,,,,
"2025-02-13 16:24:03",77.42,13.27,3.20,60.94,44.84,
"2025-02-13 08:00:21",77.26,,,,,
"2025-02-12 16:06:23",77.59,14.11,3.16,60.31,44.12,
"2025-02-11 08:07:42",77.66,,,,,
"2025-02-09 09:42:03",77.71,,,,,
"2025-02-07 08:35:47",75.32,,,,,
"2025-02-06 07:57:17",75.74,,,,,
"2025-02-05 08:17:01",76.17,,,,,
"2025-02-03 14:13:02",76.59,12.86,3.18,60.54,44.56,
"2025-02-02 10:00:59",76.06,,,,,
"2025-02-01 08:43:41",75.89,14.78,3.04,58.05,42.12,
"2025-01-31 15:45:22",76.62,14.15,3.11,59.35,43.27,
"2025-01-31 08:52:24",75.75,14.38,3.05,58.30,42.35,
"2025-01-30 08:28:09",76.16,,,,,
"2025-01-29 15:40:35",76.51,14.36,3.09,59.04,42.99,
"2025-01-29 09:01:39",75.49,,,,,
"2025-01-28 08:51:29",76.11,,,,,
"2025-01-27 14:23:23",76.45,13.75,3.12,59.56,43.51,
"2025-01-26 19:12:39",76.58,14.96,3.07,58.54,42.52,
"2025-01-26 10:01:54",76.05,,,,,
"2025-01-25 13:13:53",76.76,14.26,3.11,59.37,43.29,
"2025-01-25 09:22:11",76.18,14.52,3.07,58.58,42.58,
"2025-01-24 08:47:27",75.86,,,,,
"2025-01-23 09:02:27",75.58,,,,,
"2025-01-22 14:00:38",75.89,14.36,3.06,58.45,42.48,
"2025-01-22 08:13:15",75.83,14.63,3.05,58.14,42.20,
"2025-01-21 13:48:25",75.66,14.65,3.04,57.96,42.04,
"2025-01-21 09:40:30",75.40,,,,,
"2025-01-20 16:17:49",75.52,14.22,3.05,58.24,42.30,
"2025-01-19 09:30:45",76.25,15.05,3.05,58.14,42.18,
"2025-01-18 09:14:19",75.83,,,,,
"2025-01-17 09:09:34",76.33,,,,,
"2025-01-16 16:52:29",76.51,14.07,3.11,59.32,43.26,
"2025-01-16 09:03:26",76.34,,,,,
"2025-01-14 08:49:57",76.32,,,,,
"2025-01-13 16:16:32",77.21,14.73,3.11,59.35,43.23,
"2025-01-12 10:08:26",77.19,,,,,
"2025-01-10 08:59:20",75.96,,,,,
"2025-01-09 15:14:11",77.34,14.78,3.11,59.43,43.29,
"2025-01-08 15:07:40",77.26,,,,,
"2025-01-06 14:25:43",77.99,15.07,3.13,59.78,43.58,
"2025-01-06 14:24:54",77.97,15.16,3.12,59.67,43.47,
"2025-01-05 12:02:36",77.54,,,,,
"2025-01-04 14:49:14",77.14,,,,,
"2025-01-03 08:21:14",77.59,,,,,
"2025-01-01 10:45:19",77.40,,,,,
"2024-12-31 13:01:56",77.75,15.80,3.08,58.85,42.77,
"2024-12-29 10:08:12",78.65,,,,,
"2024-12-28 12:19:47",78.44,15.86,3.11,59.45,43.27,
"2024-12-28 11:32:53",78.74,,,,,
"2024-12-27 15:51:41",79.15,17.45,3.07,58.60,42.62,
"2024-12-26 10:59:14",78.32,16.39,3.08,58.83,42.76,
"2024-12-25 10:31:23",78.61,16.63,3.08,58.88,42.80,
"2024-12-24 15:26:57",78.03,16.37,3.07,58.57,42.55,
"2024-12-22 09:17:01",78.55,16.27,3.10,59.16,43.03,
"2024-12-22 09:16:05",78.57,,,,,
"2024-12-21 10:36:40",78.00,16.23,3.07,58.68,42.64,
"2024-12-20 15:27:29",78.23,16.50,3.07,58.64,42.60,
"2024-12-20 08:25:27",77.92,,,,,
"2024-12-19 07:44:39",77.95,,,,,
"2024-12-18 07:55:58",77.86,,,,,
"2024-12-16 22:13:27",79.04,15.71,3.15,60.17,43.87,
"2024-12-15 12:27:03",78.87,,,,,
"2024-12-15 10:41:10",79.04,,,,,
"2024-12-14 12:50:38",79.39,,,,,
"2024-12-13 08:03:30",78.81,,,,,
"2024-12-12 15:42:00",79.84,16.58,3.14,60.11,43.80,
"2024-12-11 16:45:02",79.47,16.28,3.14,60.04,43.74,
"2024-12-10 08:15:23",79.84,,,,,
"2024-12-09 16:04:21",80.56,16.74,3.17,60.64,44.23,
"2024-12-08 10:00:58",79.81,,,,,
"2024-12-07 16:54:36",80.34,17.09,3.14,60.09,43.79,
"2024-12-07 08:05:24",79.53,,,,,
"2024-12-06 08:25:40",79.67,,,,,
"2024-12-05 23:59:59",80.20,,,,,
"2024-12-04 08:12:36",80.27,,,,,
"2024-12-02 15:15:33",81.91,17.27,3.21,61.41,44.85,
"2024-12-01 10:07:23",82.11,,,,,
"2024-11-29 08:11:24",81.22,,,,,
"2024-11-28 17:35:24",81.73,,,,,
"2024-11-26 13:53:19",82.36,18.89,3.15,60.29,44.02,
"2024-11-25 19:54:01",82.42,,,,,
"2024-11-23 09:12:35",81.98,,,,,
"2024-11-23 09:12:04",81.98,,,,,
"2024-11-22 14:19:56",82.73,,,,,
"2024-11-22 14:19:04",82.73,19.31,3.15,60.25,44.02,
"2024-11-22 08:34:48",82.13,,,,,
"2024-11-21 08:01:45",82.65,,,,,
"2024-11-21 08:01:14",82.65,,,,,
"2024-11-20 12:03:06",82.74,,,,,
"2024-11-20 12:02:36",82.74,,,,,
"2024-11-18 15:00:47",84.81,,,,,
"2024-11-18 14:59:56",84.81,20.16,3.21,61.43,44.98,
"2024-11-17 09:53:23",83.45,,,,,
"2024-11-17 09:52:54",83.45,,,,,
"2024-11-16 13:02:48",83.99,,,,,
"2024-11-16 13:01:56",83.99,20.84,3.15,59.99,43.98,
"2024-11-15 14:49:38",84.14,,,,,
"2024-11-15 08:17:19",84.18,,,,,
"2024-11-13 18:48:36",85.68,,,,,
"2024-11-13 13:25:26",85.71,21.65,3.19,60.86,44.71,
"2024-11-12 10:50:45",85.76,,,,,
"2024-11-12 10:49:51",85.77,21.69,3.19,60.87,44.72,
"2024-11-11 11:52:13",86.78,,,,,
"2024-11-11 11:51:26",86.79,21.49,3.24,62.04,45.55,
"2024-11-10 09:57:53",86.69,,,,,
"2024-11-10 09:57:03",86.69,22.53,3.19,60.94,44.88,
"2024-11-09 13:16:42",87.07,,,,,
"2024-11-09 13:15:49",87.07,23.11,3.19,60.75,44.83,
"2024-11-08 08:53:13",87.33,,,,,
"2024-11-08 08:52:20",87.33,23.33,3.19,60.80,44.89,
"2024-11-08 08:49:35",87.31,23.36,3.19,60.74,44.85,
"2024-11-07 23:59:59",88.00,,,,,
"2024-11-07 15:54:20",88.01,,,,,
"2024-11-06 17:32:46",88.45,,,,,
"2024-11-06 17:31:55",88.45,21.26,3.33,63.85,46.87,
"2024-11-04 17:34:35",90.93,,,,,
"2024-11-04 17:33:43",90.93,21.07,3.46,66.38,48.77,
"2024-11-03 09:32:48",92.08,,,,,
"2024-11-03 09:31:56",92.08,23.94,3.37,64.76,47.77,
"2024-10-30 22:10:33",92.15,,,,,
"2024-10-30 22:09:41",92.15,23.73,3.39,65.02,47.94,
"2024-10-24 16:33:36",90.22,,,,,
"2024-10-24 16:32:44",90.22,21.49,3.40,65.31,47.98,
"2024-10-19 14:24:24",90.07,23.12,3.32,63.62,46.87,
"2024-10-18 22:29:26",90.07,,,,,
"2024-10-18 22:28:35",90.07,22.46,3.35,64.24,47.26,
"2024-10-17 16:59:30",90.48,,,,,
"2024-10-17 16:58:38",90.48,22.83,3.35,64.28,47.32,
"2024-10-16 19:52:58",89.82,,,,,
"2024-10-16 19:51:08",89.82,22.27,3.35,64.19,47.20,
"2024-10-15 16:40:31",90.02,,,,,
"2024-10-15 16:39:40",90.02,22.13,3.36,64.52,47.43,
"2024-10-14 17:05:47",89.99,,,,,
"2024-10-14 17:04:55",90.00,21.57,3.39,65.02,47.77,
"2024-10-13 19:52:34",91.25,23.10,,,,
"2024-10-11 22:25:25",91.25,,,,,
"2024-10-11 22:24:34",91.25,23.10,3.37,64.77,47.70,
"2024-10-10 22:40:33",90.55,,,,,
"2024-10-10 22:39:41",90.55,22.87,3.35,64.31,47.34,
"2024-10-09 19:00:44",89.64,,,,,
"2024-10-09 18:59:51",89.65,23.49,3.28,62.86,46.37,
"2024-10-06 10:03:40",89.55,,,,,
"2024-10-06 10:02:47",89.55,23.59,3.27,62.67,46.25,
"2024-10-05 13:17:00",90.14,,,,,
"2024-10-05 13:16:09",90.14,23.40,3.31,63.41,46.75,
"2024-10-03 13:13:50",90.22,,,,,
"2024-10-03 13:12:57",90.23,22.02,3.38,64.81,47.64,
"2024-10-02 08:47:33",89.60,,,,,
"2024-10-02 08:46:49",89.60,24.28,3.25,62.06,45.91,
"2024-09-24 17:12:55",90.67,,,,,
"2024-09-24 17:12:03",90.68,22.54,3.37,64.75,47.63,
"2024-09-23 17:47:25",90.74,,,,,
"2024-09-23 17:46:34",90.75,22.59,3.37,64.76,47.65,
"2024-09-21 14:17:42",90.32,,,,,
"2024-09-21 14:16:51",90.32,22.82,3.34,64.14,47.22,
"2024-09-20 15:50:29",90.01,,,,,
"2024-09-20 15:49:37",90.01,23.19,3.31,63.50,46.79,
"2024-09-19 17:35:00",89.79,,,,,
"2024-09-19 17:34:09",89.80,21.29,3.39,65.10,47.81,
"2024-09-18 17:03:53",90.60,,,,,
"2024-09-18 17:03:02",90.60,21.93,3.40,65.25,47.96,
"2024-09-17 21:55:14",90.97,,,,,
"2024-09-17 20:51:56",90.97,,,,,
"2024-09-17 20:51:05",90.97,21.77,3.43,65.76,48.33,
"2024-09-16 22:35:15",91.92,,,,,
"2024-09-16 22:34:24",91.92,23.86,3.37,64.67,47.71,
"2024-09-15 21:41:20",93.26,,,,,
"2024-09-15 21:40:30",93.26,23.24,3.46,66.54,48.99,
"2024-09-10 15:32:49",91.89,,,,,
"2024-09-10 15:31:58",91.89,24.92,3.32,63.63,47.10,
"2024-09-09 15:10:57",91.93,,,,,
"2024-09-09 15:10:05",91.93,23.36,3.39,65.16,48.01,
"2024-09-07 22:59:59",92.70,,,,,
"2024-09-07 13:35:52",92.71,,,,,
"2024-09-07 13:25:10",92.71,,,,,
"2024-09-07 13:24:18",92.71,24.08,3.40,65.21,48.12,
"2024-09-06 22:03:20",92.66,,,,,
"2024-09-06 22:02:29",92.66,23.98,3.40,65.26,48.14,
"2024-09-06 08:14:11",91.67,,,,,
"2024-09-06 08:13:19",91.67,26.20,3.26,62.19,46.31,
"2024-09-05 18:50:45",92.27,,,,,
"2024-09-05 18:49:53",92.27,24.26,3.37,64.62,47.72,
"2024-09-04 15:21:53",92.93,,,,,
"2024-09-04 15:21:02",92.93,24.24,3.40,65.27,48.18,
"2024-09-03 14:09:41",93.29,,,,,
"2024-09-03 14:08:48",93.29,25.46,3.36,64.46,47.75,
"2024-09-03 14:07:48",92.72,24.86,3.36,64.48,47.69,
"2024-09-03 12:04:30",93.00,,,,,
"2024-09-01 20:30:15",96.53,,,,,
"2024-08-24 11:27:58",92.47,25.57,3.32,63.56,47.15,
"2024-08-23 09:20:44",91.58,26.30,3.25,62.01,46.21,
"2024-08-22 08:30:47",93.14,23.48,3.45,66.20,48.77,
"2024-08-21 20:23:10",94.81,22.42,3.59,68.78,50.61,
"2024-08-21 20:21:25",94.80,,,,,
"2024-08-13 19:59:42",89.51,,,,,
"2024-08-13 19:58:54",89.51,22.67,3.31,63.52,46.75,
"2024-08-13 08:00:32",89.94,,,,,
"2024-08-13 07:59:40",89.94,24.91,3.24,61.78,45.82,
"2024-08-12 08:39:52",89.65,,,,,
"2024-08-12 08:39:00",89.65,24.90,3.23,61.51,45.63,
"2024-08-10 08:33:39",89.51,,,,,
"2024-08-10 08:32:47",89.51,24.67,3.23,61.60,45.66,
"2024-08-09 08:03:39",89.36,,,,,
"2024-08-09 08:02:46",89.36,24.01,3.25,62.08,45.90,
"2024-08-08 16:07:08",90.02,,,,,
"2024-08-08 16:06:16",90.02,23.54,3.30,63.17,46.60,
"2024-08-07 08:12:49",88.95,,,,,
"2024-08-07 08:12:03",88.95,24.83,3.20,60.90,45.20,
"2024-08-06 08:13:23",88.86,,,,,
"2024-08-06 08:12:32",88.86,24.81,3.20,60.83,45.15,
"2024-08-03 08:55:24",89.05,,,,,
"2024-08-03 08:54:32",89.05,23.59,3.25,62.20,45.92,
"2024-08-02 09:10:14",88.11,,,,,
"2024-08-02 09:09:21",88.11,25.24,3.15,59.70,44.46,
"2024-08-01 17:33:18",88.52,,,,,
"2024-08-01 17:32:26",88.52,22.71,3.27,62.53,46.05,
"2024-07-31 16:53:45",90.15,25.26,3.23,61.64,45.78,
"2024-07-31 08:22:31",89.14,,,,,
"2024-07-31 08:21:38",89.14,25.29,3.19,60.65,45.11,
"2024-07-30 18:00:54",89.40,,,,,
"2024-07-30 18:00:03",89.40,23.56,3.27,62.55,46.17,
"2024-07-29 15:06:00",90.20,,,,,
"2024-07-29 15:05:09",90.20,22.58,3.35,64.25,47.28,
"2024-07-28 11:24:55",90.12,,,,,
"2024-07-28 11:24:03",90.12,24.80,3.25,62.05,45.99,
"2024-07-27 08:30:47",89.15,,,,,
"2024-07-27 08:29:54",89.15,24.99,3.20,60.94,45.26,
"2024-07-26 08:14:27",90.30,,,,,
"2024-07-26 08:13:34",90.30,25.14,3.24,61.90,45.95,
"2024-07-25 08:12:19",89.74,,,,,
"2024-07-25 08:11:27",89.74,23.96,3.27,62.50,46.19,
"2024-07-24 09:20:06",89.53,,,,,
"2024-07-24 09:19:14",89.53,25.43,3.20,60.88,45.29,
"2024-07-24 08:33:04",89.82,25.45,3.21,61.14,45.48,
"2024-07-23 07:44:28",88.83,,,,,
"2024-07-23 07:43:35",88.83,25.12,3.18,60.51,44.99,
"2024-07-21 10:37:46",89.19,,,,,
"2024-07-21 10:36:57",89.20,24.39,3.23,61.56,45.59,
"2024-07-20 08:32:58",88.34,,,,,
"2024-07-20 08:32:06",88.34,24.92,3.17,60.23,44.76,
"2024-07-18 10:16:10",87.91,,,,,
"2024-07-18 10:15:18",87.92,23.67,3.20,61.03,45.11,
"2024-07-17 15:33:46",88.96,,,,,
"2024-07-17 15:32:52",88.96,22.06,3.31,63.57,46.74,
"2024-07-09 08:05:45",88.71,24.05,3.22,61.43,45.45,
"2024-07-08 09:14:14",88.49,23.58,3.23,61.67,45.55,
"2024-07-07 08:57:01",88.47,22.60,3.27,62.59,46.08,
"2024-07-06 07:44:16",86.15,23.27,3.14,59.72,44.14,
"2024-07-05 09:05:24",86.28,,,,,
"2024-07-05 09:04:32",86.28,23.49,3.14,59.64,44.11,
"2024-07-04 08:02:44",87.34,22.92,3.21,61.20,45.12,
"2024-07-03 07:03:11",87.35,,,,,
"2024-07-03 07:02:19",87.35,24.24,3.16,59.94,44.45,
"2024-07-02 07:53:02",87.60,,,,,
"2024-07-02 07:52:13",87.60,23.91,3.18,60.50,44.78,
"2024-06-30 09:49:11",88.22,,,,,
"2024-06-30 09:48:21",88.22,23.65,3.21,61.35,45.33,
"2024-06-29 08:23:03",86.74,,,,,
"2024-06-29 08:22:10",86.74,23.83,3.15,59.75,44.25,
"2024-06-28 21:54:39",88.03,,,,,
"2024-06-28 21:53:48",88.03,23.65,3.21,61.15,45.20,
"2024-06-28 08:02:51",87.07,22.97,3.19,60.89,44.91,
"2024-06-27 22:15:24",88.43,,,,,
"2024-06-27 22:13:35",88.41,21.82,3.30,63.28,46.50,
"2024-06-26 07:28:13",87.26,,,,,
"2024-06-26 07:27:21",87.26,23.46,3.18,60.61,44.79,
"2024-06-23 08:59:12",89.13,,,,,
"2024-06-23 08:58:20",89.14,22.70,3.29,63.12,46.48,
"2024-06-21 08:53:00",86.05,,,,,
"2024-06-21 08:52:08",86.05,23.64,3.13,59.27,43.89,
"2024-06-21 08:36:55",86.40,23.95,3.13,59.31,43.97,
"2024-06-20 08:18:59",86.42,,,,,
"2024-06-20 08:18:09",86.42,23.59,3.14,59.67,44.16,
"2024-06-19 20:14:59",87.14,,,,,
"2024-06-19 20:14:07",87.14,23.67,3.17,60.29,44.60,
"2024-06-19 20:13:20",87.05,23.59,3.17,60.27,44.58,
"2024-06-19 08:08:16",86.72,,,,,
"2024-06-19 08:07:22",86.72,23.95,3.14,59.61,44.17,
"2024-06-15 09:03:20",86.47,,,,,
"2024-06-15 09:02:27",86.47,22.05,3.20,61.20,45.02,
"2024-06-14 08:02:03",87.41,,,,,
"2024-06-14 07:51:10",87.41,23.03,3.20,61.17,45.12,
"2024-06-13 08:46:55",87.35,,,,,
"2024-06-13 08:46:02",87.35,23.14,3.20,61.00,45.02,
"2024-06-12 08:07:55",87.56,,,,,
"2024-06-12 08:07:09",87.56,23.53,3.19,60.82,44.95,
"2024-06-11 08:34:10",88.60,,,,,
"2024-06-11 08:33:17",88.60,23.26,3.25,62.08,45.80,
"2024-06-10 17:09:32",90.15,,,,,
"2024-06-10 17:08:38",90.15,21.94,3.38,64.82,47.65,
"2024-06-10 17:08:06",90.20,,,,,
"2024-06-10 17:06:12",90.20,,,,,
"2024-06-06 07:07:10",86.12,,,,,
"2024-06-06 07:06:19",86.12,23.60,3.13,59.37,43.95,
"2024-06-03 06:48:44",88.56,,,,,
"2024-06-03 06:47:51",88.56,24.14,3.21,61.20,45.31,
"2024-05-31 08:32:27",87.01,,,,,
"2024-05-31 08:31:33",87.01,22.59,3.20,61.20,45.09,
"2024-05-28 08:52:23",87.27,,,,,
"2024-05-28 08:51:27",87.27,22.75,3.21,61.30,45.18,
"2024-05-22 08:12:19",86.99,,,,,
"2024-05-22 08:11:26",86.99,24.62,3.13,59.23,44.03,
"2024-05-21 10:56:10",88.41,,,,,
"2024-05-21 07:10:24",88.19,24.34,3.19,60.65,44.96,
"2024-05-20 08:54:07",88.42,,,,,
"2024-05-20 08:53:15",88.42,24.36,3.20,60.85,45.10,
"2024-05-17 07:26:57",86.37,,,,,
"2024-05-17 07:26:04",86.37,24.22,3.12,59.01,43.82,
"2024-05-16 07:33:29",86.63,,,,,
"2024-05-16 07:32:32",86.63,24.99,3.10,58.53,43.63,
"2024-05-15 07:23:48",86.98,,,,,
"2024-05-15 07:22:50",86.98,24.60,3.13,59.24,44.04,
"2024-05-14 07:38:08",87.16,,,,,
"2024-05-14 07:37:05",87.16,25.90,3.09,58.16,43.57,
"2024-05-13 07:10:00",88.95,,,,,
"2024-05-13 07:09:07",88.95,24.22,3.22,61.49,45.53,
"2024-05-12 09:21:15",88.71,,,,,
"2024-05-12 09:20:22",88.71,23.57,3.24,61.89,45.71,
"2024-05-08 08:40:01",87.03,,,,,
"2024-05-08 08:39:04",87.03,24.16,3.15,59.71,44.29,
"2024-05-07 07:32:46",86.74,,,,,
"2024-05-07 07:31:48",86.74,23.43,3.16,60.13,44.46,
"2024-05-06 06:53:31",86.79,,,,,
"2024-05-06 06:52:33",86.79,23.26,3.17,60.35,44.58,
"2024-05-05 17:57:45",86.21,,,,,
"2024-05-05 07:04:40",86.21,23.72,3.13,59.35,43.96,
"2024-05-04 05:29:41",87.40,,,,,
"2024-05-04 05:28:49",87.40,23.88,3.17,60.33,44.67,
"2024-05-03 14:03:30",88.26,,,,,
"2024-05-03 14:02:38",88.26,22.80,3.25,62.19,45.82,
"2024-05-03 07:34:36",88.07,24.05,3.19,60.81,45.03,
"2024-05-01 13:08:44",87.64,,,,,
"2024-05-01 13:07:52",87.64,23.53,3.19,60.90,45.01,
"2024-04-30 06:54:14",87.39,,,,,
"2024-04-30 06:53:21",87.39,23.27,3.19,60.91,44.98,
"2024-04-29 06:55:04",87.79,,,,,
"2024-04-29 06:54:11",87.79,23.93,3.19,60.66,44.90,
"2024-04-26 07:20:24",85.47,,,,,
"2024-04-26 07:19:26",85.47,23.60,3.10,58.76,43.53,
"2024-04-25 07:18:52",86.25,,,,,
"2024-04-25 07:17:55",86.25,24.12,3.12,59.00,43.79,
"2024-04-24 14:27:43",86.23,,,,,
"2024-04-24 07:45:19",86.26,24.13,3.12,59.00,43.79,
"2024-04-24 07:36:58",86.23,24.26,3.11,58.84,43.71,
"2024-04-23 16:13:54",87.04,,,,,
"2024-04-23 08:09:39",87.06,23.91,3.16,59.97,44.42,
"2024-04-22 06:58:18",87.87,,,,,
"2024-04-22 06:57:27",87.87,23.17,3.22,61.47,45.36,
"2024-04-21 09:58:22",86.82,,,,,
"2024-04-21 09:57:27",86.82,23.66,3.16,59.99,44.40,
"2024-04-20 05:26:45",86.23,,,,,
"2024-04-20 05:25:52",86.23,24.57,3.10,58.54,43.56,
"2024-04-19 08:23:51",86.25,,,,,
"2024-04-19 08:14:48",86.38,24.91,3.10,58.35,43.50,
"2024-04-18 17:30:25",86.69,,,,,
"2024-04-18 17:28:38",86.89,24.57,3.13,59.17,43.99,
"2024-04-18 07:25:12",86.69,,,,,
"2024-04-18 07:24:18",86.69,24.99,3.10,58.58,43.67,
"2024-04-17 07:06:05",86.63,,,,,
"2024-04-17 07:05:12",86.63,24.93,3.10,58.58,43.66,
"2024-04-16 07:21:58",87.26,,,,,
"2024-04-16 07:21:00",87.27,24.91,3.13,59.21,44.08,
"2024-04-15 07:17:29",88.34,,,,,
"2024-04-15 07:16:31",88.34,24.91,3.17,60.25,44.78,
"2024-04-12 07:36:39",87.20,,,,,
"2024-04-12 07:35:43",87.20,24.03,3.16,59.99,44.46,
"2024-04-11 07:41:19",87.04,,,,,
"2024-04-11 07:40:24",87.04,24.75,3.13,59.15,44.01,
"2024-04-10 07:30:05",87.64,,,,,
"2024-04-10 07:29:12",87.64,25.45,3.13,59.05,44.08,
"2024-04-09 08:31:47",87.19,,,,,
"2024-04-09 08:30:50",87.19,24.72,3.13,59.32,44.12,
"2024-04-08 07:24:31",87.18,,,,,
"2024-04-08 07:23:32",87.18,24.98,3.12,59.06,43.99,
"2024-04-07 09:54:18",87.39,,,,,
"2024-04-07 09:53:21",87.39,25.22,3.12,59.03,44.02,
"2024-04-05 12:44:28",88.18,,,,,
"2024-04-05 08:18:47",88.19,25.16,3.16,59.86,44.57,
"2024-04-04 08:14:26",88.08,,,,,
"2024-04-04 08:13:29",88.08,25.73,3.13,59.20,44.23,
"2024-04-03 07:55:11",88.66,,,,,
"2024-04-03 07:54:14",88.66,25.34,3.17,60.13,44.79,
"2024-03-31 09:30:03",88.08,,,,,
"2024-03-31 09:29:05",88.08,25.23,3.15,59.69,44.46,
"2024-03-29 10:16:52",87.92,,,,,
"2024-03-29 10:16:00",87.92,25.93,3.12,58.86,44.05,
"2024-03-28 09:12:07",88.11,,,,,
"2024-03-28 09:11:14",88.11,25.26,3.15,59.69,44.47,
"2024-03-26 07:47:47",90.46,,,,,
"2024-03-26 07:46:55",90.46,24.15,3.29,63.01,46.58,
"2024-03-25 16:08:19",90.92,,,,,
"2024-03-25 16:07:30",90.93,23.04,3.36,64.51,47.52,
"2024-03-11 06:56:20",87.24,,,,,
"2024-03-11 06:55:27",87.24,24.00,3.16,60.06,44.51,
"2024-03-09 05:28:51",86.70,,,,,
"2024-03-09 05:25:36",86.39,25.29,3.08,58.01,43.35,
"2024-03-08 06:57:40",86.13,,,,,
"2024-03-08 06:56:42",86.13,25.05,3.08,57.99,43.28,
"2024-03-07 23:59:59",86.70,,,,,
"2024-03-07 17:20:42",86.79,,,,,
"2024-03-07 17:19:44",86.79,25.28,3.10,58.40,43.61,
"2024-03-07 06:57:49",86.69,24.81,3.11,58.75,43.75,
"2024-03-06 07:55:03",85.45,,,,,
"2024-03-06 07:08:42",87.33,25.00,3.13,59.18,44.08,
"2024-03-05 07:02:02",87.43,,,,,
"2024-03-05 07:01:03",87.43,24.98,3.13,59.31,44.17,
"2024-03-01 06:58:35",87.18,,,,,
"2024-03-01 06:57:37",87.19,25.03,3.12,59.02,43.98,
"2024-02-29 06:59:11",87.42,,,,,
"2024-02-29 06:58:13",87.42,25.95,3.10,58.35,43.72,
"2024-02-27 09:25:38",87.14,,,,,
"2024-02-27 06:45:33",87.16,24.41,3.14,59.59,44.26,
"2024-02-26 23:59:59",86.63,,,,,
"2024-02-26 07:00:02",86.63,,,,,
"2024-02-26 06:59:05",86.63,24.86,3.11,58.65,43.70,
"2024-02-25 08:11:27",87.23,,,,,
"2024-02-25 08:10:31",87.23,24.25,3.15,59.81,44.38,
"2024-02-24 07:19:48",87.50,,,,,
"2024-02-24 07:18:51",87.50,25.09,3.13,59.26,44.16,
"2024-02-23 07:00:19",87.29,,,,,
"2024-02-23 06:59:23",87.29,25.66,3.11,58.50,43.76,
"2024-02-22 17:16:01",88.63,,,,,
"2024-02-22 07:49:09",88.64,25.32,3.17,60.14,44.79,
"2024-02-21 17:30:50",88.50,,,,,
"2024-02-21 06:55:57",88.53,26.13,3.14,59.25,44.35,
"2024-02-20 12:27:25",87.91,,,,,
"2024-02-20 08:29:33",87.93,25.70,3.13,59.09,44.16,
"2024-02-19 07:21:51",89.48,,,,,
"2024-02-19 07:20:59",89.48,25.11,3.21,61.14,45.44,
"2024-02-18 17:00:44",89.86,,,,,
"2024-02-18 10:15:16",89.89,,,,,
"2024-02-18 10:14:23",89.89,24.46,3.25,62.17,46.04,
"2024-02-15 07:24:43",89.44,,,,,
"2024-02-15 07:23:52",89.44,26.31,3.17,59.95,44.85,
"2024-02-09 14:58:25",87.82,,,,,
"2024-02-09 08:55:15",87.83,,,,,
"2024-02-09 08:54:22",87.83,24.94,3.15,59.72,44.44,
"2024-02-08 16:50:48",88.50,,,,,
"2024-02-08 07:57:04",88.51,24.80,3.18,60.51,44.95,
"2024-02-07 05:31:39",88.30,,,,,
"2024-02-07 05:30:40",88.30,25.63,3.15,59.50,44.42,
"2024-02-06 09:10:33",88.68,,,,,
"2024-02-06 09:09:35",88.68,25.64,3.16,59.87,44.67,
"2024-02-05 07:28:09",89.17,,,,,
"2024-02-05 07:27:18",89.17,25.66,3.18,60.31,44.97,
"2024-02-04 09:47:39",89.29,,,,,
"2024-02-04 09:46:46",89.29,24.78,3.22,61.28,45.48,
"2024-02-03 07:06:15",88.25,,,,,
"2024-02-03 07:05:21",88.25,25.99,3.13,59.12,44.23,
"2024-02-02 06:58:44",89.37,,,,,
"2024-02-02 06:57:51",89.37,26.19,3.17,60.00,44.86,
"2024-02-01 07:00:32",89.15,,,,,
"2024-02-01 06:59:33",89.15,26.00,3.17,59.97,44.81,
"2024-01-31 07:08:52",88.90,,,,,
"2024-01-31 07:08:06",88.90,,,,,
"2024-01-31 06:59:02",88.95,26.33,3.15,59.45,44.52,
"2024-01-30 13:05:42",89.58,,,,,
"2024-01-30 06:58:44",89.62,26.53,3.17,59.91,44.87,
"2024-01-29 07:40:19",89.50,,,,,
"2024-01-29 07:39:27",89.50,26.77,3.15,59.57,44.69,
"2024-01-28 11:58:44",90.31,,,,,
"2024-01-28 10:21:24",90.32,,,,,
"2024-01-28 10:20:34",90.32,26.79,3.18,60.33,45.20,
"2024-01-26 08:41:44",90.40,,,,,
"2024-01-26 08:40:43",90.40,,,,,
"2024-01-26 08:39:49",90.40,26.62,3.19,60.57,45.33,
"2024-01-25 07:37:09",90.63,,,,,
"2024-01-25 07:36:15",90.63,26.77,3.20,60.65,45.41,
"2024-01-23 09:23:05",91.16,,,,,
"2024-01-23 09:22:12",91.16,26.81,3.22,61.12,45.73,
"2024-01-22 09:47:07",91.22,,,,,
"2024-01-22 07:40:33",91.25,26.69,3.22,61.31,45.84,
"2024-01-21 10:50:00",91.48,,,,,
"2024-01-21 10:49:07",91.48,27.02,3.22,61.22,45.84,
"2024-01-19 08:58:13",90.37,,,,,
"2024-01-19 08:57:21",90.37,27.45,3.16,59.75,44.95,"110 cm Bauch"
"2024-01-17 08:32:26",91.31,,,,,
"2024-01-14 10:05:41",91.54,,,,,
"2023-10-19 10:53:31",87.76,,,,,
"2023-10-19 10:52:32",87.76,25.90,3.12,58.73,43.97,
"2023-10-12 16:49:03",87.79,,,,,
"2023-10-12 14:57:04",88.94,27.04,3.12,58.76,44.23,
"2023-10-08 10:58:08",89.19,,,,,
"2023-10-08 10:57:16",89.19,25.93,3.17,60.08,44.88,
"2023-10-05 08:35:05",88.90,,,,,
"2023-10-05 08:34:12",88.90,26.30,3.15,59.44,44.53,
"2023-09-30 08:59:55",89.07,,,,,
"2023-09-30 08:59:02",89.07,26.46,3.15,59.45,44.57,
"2023-09-19 10:55:18",88.18,,,,,
"2023-09-19 10:54:25",88.18,24.58,3.18,60.40,44.86,
"2023-09-01 08:20:05",90.63,,,,,
"2023-09-01 08:19:11",90.63,30.08,3.09,57.44,44.09,
"2023-08-31 08:30:25",90.95,,,,,
"2023-08-31 08:29:34",90.96,29.85,3.11,57.98,44.37,
"2023-08-29 13:38:30",91.40,,,,,
"2023-08-29 08:41:44",91.43,29.00,3.15,59.26,44.99,
"2023-08-27 10:36:37",92.57,,,,,
"2023-08-27 10:35:43",92.57,27.04,3.27,62.25,46.54,
"2023-08-26 21:11:52",93.58,,,,,
"2023-08-26 21:10:58",93.58,23.28,3.48,66.81,49.22,
"2023-08-18 08:22:50",88.83,27.15,3.12,58.55,44.13,
"2023-08-17 21:01:07",89.09,,,,,
"2023-08-17 09:47:25",89.11,,,,,
"2023-08-17 09:46:32",89.11,27.35,3.12,58.62,44.22,
"2023-08-15 09:09:43",89.58,,,,,
"2023-08-15 09:08:50",89.58,27.15,3.14,59.27,44.60,
"2023-08-14 08:44:50",90.34,,,,,
"2023-08-14 08:43:57",90.34,26.10,3.21,61.02,45.55,
"2023-08-12 15:18:33",88.41,,,,,
"2023-08-11 08:50:01",88.44,,,,,
"2023-08-11 08:49:07",88.44,27.01,3.11,58.31,43.94,
"2023-08-10 08:58:36",88.30,,,,,
"2023-08-10 08:57:43",88.30,28.51,3.06,56.71,43.26,
"2023-08-09 08:50:22",88.34,,,,,
"2023-08-09 08:49:29",88.34,28.10,3.07,57.15,43.44,
"2023-08-08 09:01:14",88.61,,,,,
"2023-08-08 09:00:21",88.61,28.03,3.08,57.49,43.64,
"2023-08-07 08:45:35",89.13,,,,,
"2023-08-07 08:44:42",89.13,27.02,3.13,58.96,44.37,
"2023-08-05 22:03:26",91.25,,,,,
"2023-08-05 22:02:31",91.25,28.95,3.15,59.13,44.89,
"2023-08-05 17:20:09",89.13,,,,,
"2023-08-05 08:45:00",89.14,28.20,3.10,57.84,43.90,
"2023-08-04 10:14:32",89.18,,,,,
"2023-08-04 10:13:41",89.18,28.93,3.08,57.16,43.64,
"2023-08-04 09:59:39",89.32,,,,,
"2023-08-04 09:58:45",89.32,29.71,3.06,56.54,43.44,
"2023-08-02 09:39:17",90.67,,,,,
"2023-08-02 09:38:26",90.67,29.08,3.12,58.45,44.49,
"2023-07-31 09:58:28",90.49,,,,,
"2023-07-31 09:57:34",90.50,27.94,3.15,59.39,44.84,
"2023-07-27 08:37:40",90.23,,,,,
"2023-07-27 08:36:49",90.24,28.59,3.12,58.51,44.42,
"2023-07-25 09:01:11",91.05,,,,,
"2023-07-25 09:00:18",91.05,29.56,3.12,58.35,44.54,
"2023-07-21 10:15:31",90.51,,,,,
"2023-07-21 10:14:41",90.51,28.91,3.12,58.46,44.46,
"2023-07-20 18:45:52",90.99,,,,,
"2023-07-20 18:45:00",90.99,27.52,3.19,60.27,45.33,
"2023-07-09 09:32:18",91.65,26.11,3.26,62.27,46.40,
"2023-07-07 09:20:30",89.92,,,,,
"2023-07-07 09:19:37",89.92,27.75,3.14,59.02,44.56,
"2023-07-06 08:12:37",89.38,,,,,
"2023-07-06 08:11:43",89.38,27.36,3.13,58.87,44.39,
"2023-07-03 18:30:11",90.28,,,,,
"2023-07-03 18:29:19",90.28,27.54,3.16,59.56,44.87,
"2023-06-29 08:47:41",88.49,,,,,
"2023-06-29 08:46:48",88.49,27.44,3.10,57.94,43.80,
"2023-06-23 07:46:20",89.69,,,,,
"2023-06-23 07:45:29",89.69,25.80,3.19,60.68,45.27,
"2023-06-20 13:38:07",88.76,,,,,
"2023-06-20 13:37:14",88.77,28.84,3.06,56.85,43.43,
"2023-06-19 14:21:23",89.26,,,,,
"2023-06-19 14:20:30",89.26,30.32,3.04,55.88,43.19,
"2023-06-16 08:49:22",89.59,,,,,
"2023-06-16 08:48:29",89.59,28.55,3.10,57.93,44.05,
"2023-06-15 08:33:46",90.35,,,,,
"2023-06-15 08:32:53",90.35,28.38,3.13,58.82,44.58,
"2023-06-13 07:57:58",91.85,,,,,
"2023-06-13 07:57:04",91.85,28.49,3.19,60.16,45.46,
"2023-06-10 09:29:18",91.09,,,,,
"2023-06-10 09:28:24",91.09,28.84,3.15,59.09,44.85,
"2023-06-08 08:33:28",90.44,,,,,
"2023-06-08 08:32:34",90.44,30.53,3.07,56.82,43.83,
"2023-06-07 19:30:51",90.86,,,,,
"2023-06-07 19:29:59",90.86,26.77,3.21,60.86,45.58,
"2023-06-07 08:28:01",91.25,,,,,
"2023-06-07 08:27:07",91.25,29.12,3.14,58.97,44.84,
"2023-06-06 08:11:05",91.66,,,,,
"2023-06-06 08:10:10",91.66,29.90,3.14,58.62,44.79,
"2023-06-06 08:09:20",91.70,30.44,3.12,58.13,44.61,
"2023-06-02 09:21:01",91.24,,,,,
"2023-06-02 09:20:07",91.24,29.67,3.13,58.43,44.62,
"2023-06-01 09:21:19",91.74,,,,,
"2023-06-01 09:20:25",91.74,29.02,3.17,59.54,45.18,
"2023-05-27 08:34:58",91.24,,,,,
"2023-05-27 08:34:03",91.24,27.80,3.19,60.24,45.37,
"2023-05-27 08:33:15",91.23,27.85,3.18,60.18,45.34,
"2023-05-26 08:49:16",90.79,,,,,
"2023-05-26 08:48:22",90.79,28.61,3.14,59.01,44.75,
"2023-05-25 08:19:58",90.86,,,,,
"2023-05-25 08:19:03",90.86,29.36,3.12,58.36,44.51,
"2023-05-24 08:15:11",91.34,,,,,
"2023-05-24 08:14:15",91.34,29.40,3.14,58.79,44.79,
"2023-05-23 07:43:53",92.69,,,,,
"2023-05-23 07:42:59",92.69,29.01,3.20,60.46,45.77,
"2023-05-17 08:01:06",90.12,,,,,
"2023-05-17 08:00:12",90.12,29.83,3.08,57.19,43.89,
"2023-05-11 08:18:27",91.05,,,,,
"2023-05-11 08:17:33",91.05,28.73,3.15,59.16,44.88,
"2023-05-10 09:24:43",91.28,,,,,
"2023-05-10 09:23:50",91.28,28.58,3.16,59.53,45.08,
"2023-05-09 18:19:37",90.64,,,,,
"2023-05-09 18:18:45",90.64,25.77,3.23,61.61,45.91,
"2023-05-09 17:52:20",90.59,26.46,3.21,60.90,45.55,
"2023-05-05 08:18:16",91.11,,,,,
"2023-05-05 08:17:24",91.11,28.10,3.17,59.82,45.17,
"2023-05-04 07:40:07",92.10,,,,,
"2023-05-04 07:39:15",92.10,28.07,3.21,60.80,45.80,
"2023-04-21 08:00:35",90.13,,,,,
"2023-04-21 07:59:40",90.13,29.72,3.09,57.31,43.94,
"2023-04-15 15:16:04",89.75,,,,,
"2023-04-15 15:15:11",89.75,27.09,3.15,59.49,44.74,
"2023-04-02 10:11:44",89.64,27.15,3.15,59.32,44.65,
"2023-04-01 14:17:26",88.99,28.29,3.09,57.60,43.79,
"2023-03-31 08:50:57",90.00,29.10,3.10,57.78,44.09,
"2023-03-30 08:21:41",90.34,28.96,3.12,58.25,44.36,
"2023-03-29 07:48:45",90.95,,,,,
"2023-03-29 07:47:53",90.95,29.06,3.14,58.74,44.69,
"2023-03-28 08:21:16",91.86,,,,,
"2023-03-28 08:20:24",91.86,27.71,3.21,60.92,45.81,
"2023-03-26 10:42:27",91.53,,,,,
"2023-03-26 10:41:35",91.53,28.61,3.17,59.73,45.23,
"2023-03-21 18:54:25",93.53,31.26,3.16,59.10,45.43,
"2023-03-13 14:30:10",93.00,,,,,
"2022-11-01 10:38:57",94.32,27.04,3.34,63.93,47.70,
"2022-10-29 10:47:15",94.17,28.21,3.29,62.65,47.06,
"2022-10-28 13:37:16",93.17,29.98,3.19,59.98,45.70,
"2022-10-27 15:30:49",93.63,28.07,3.27,62.27,46.78,
"2022-10-25 09:11:40",93.43,30.78,3.17,59.47,45.57,
"2022-10-22 10:24:26",93.01,30.17,3.18,59.65,45.54,
"2022-10-20 07:29:57",92.66,29.57,3.18,59.90,45.56,
"2022-10-19 13:16:01",92.81,29.64,3.19,59.96,45.62,
"2022-10-13 12:18:08",92.44,30.91,3.13,58.38,44.92,
"2022-10-12 17:29:08",92.28,29.98,3.16,59.13,45.17,
"2022-09-22 07:08:15",92.48,28.09,3.23,61.15,46.06,
"2022-09-18 09:20:26",92.56,29.46,3.18,59.90,45.55,
"2022-09-17 13:36:01",92.61,27.49,3.25,61.86,46.41,
"2022-09-17 10:28:17",92.12,26.29,3.28,62.54,46.65,
"2022-09-17 05:24:04",92.88,28.32,3.23,61.31,46.21,
"2022-09-16 08:07:36",92.44,29.09,3.19,60.15,45.62,
"2022-09-15 07:09:34",92.35,29.39,3.18,59.77,45.44,
"2022-09-14 12:19:47",91.87,25.88,3.28,62.69,46.68,
"2022-09-13 06:38:27",92.81,28.45,3.23,61.12,46.11,
"2022-09-12 16:36:04",92.67,27.02,3.27,62.36,46.66,
"2022-09-09 12:43:08",91.00,25.89,3.25,61.85,46.11,
"2022-09-09 07:10:13",91.73,28.87,3.17,59.68,45.27,
"2022-09-08 07:08:33",91.28,28.63,3.16,59.47,45.09,
"2022-09-07 14:19:32",91.07,26.88,3.21,60.96,45.70,
"2022-09-07 07:13:55",91.49,29.26,3.15,59.06,44.97,
"2022-09-06 16:32:24",91.59,29.36,3.15,59.06,44.99,
"2022-09-06 07:12:05",92.06,30.14,3.14,58.76,44.98,
"2022-09-01 21:00:14",91.72,27.33,3.22,61.16,45.92,
"2022-09-01 15:11:13",90.99,27.17,3.20,60.61,45.53,
"2022-09-01 07:12:05",90.69,30.02,3.10,57.56,44.20,
"2022-08-31 14:32:54",90.16,26.78,3.18,60.18,45.17,
"2022-08-31 07:12:39",91.01,30.96,3.08,56.95,44.06,
"2022-08-30 07:13:09",91.63,29.90,3.14,58.58,44.82,
"2022-08-28 16:04:43",93.31,,,,,
"2022-08-27 15:34:44",93.86,,,,,
"2022-08-20 06:07:19",91.32,28.78,3.16,59.37,45.06,
"2022-08-19 14:40:50",90.61,25.79,3.23,61.57,45.91,
"2022-08-19 07:05:08",91.60,29.42,3.15,59.01,44.98,
"2022-08-18 12:53:01",91.19,25.30,3.28,62.60,46.53,
"2022-08-18 07:18:15",92.01,29.69,3.16,59.15,45.12,
"2022-08-17 11:57:00",91.62,27.05,3.23,61.33,45.98,
"2022-08-17 07:17:47",92.13,29.88,3.15,59.09,45.13,
"2022-08-16 14:31:18",92.02,25.42,3.31,63.28,47.01,
"2022-08-16 07:18:49",92.44,27.91,3.23,61.29,46.12,
"2022-08-15 19:40:05",93.97,24.20,3.45,66.30,48.97,
"2022-08-15 19:39:31",93.93,,,,,
"2022-08-15 07:18:03",93.41,27.52,3.28,62.59,46.90,
"2022-08-14 08:47:32",92.06,27.89,3.22,60.94,45.89,
"2022-08-13 08:41:45",92.39,25.92,3.30,63.15,47.00,
"2022-08-13 05:29:27",92.60,28.90,3.20,60.48,45.80,
"2022-08-12 08:34:33",91.15,28.74,3.15,59.24,44.97,
"2022-08-11 07:17:57",92.27,28.01,3.22,61.02,45.97,
"2022-08-10 13:25:43",91.65,27.13,3.23,61.27,45.96,
"2022-08-10 07:20:35",92.11,30.24,3.14,58.71,44.98,
"2022-08-09 11:59:12",92.56,27.50,3.25,61.80,46.37,
"2022-08-09 07:18:07",92.89,28.97,3.21,60.69,45.95,
"2022-08-08 20:55:41",94.24,27.02,3.34,63.87,47.67,
"2022-08-08 07:17:43",94.60,29.19,3.27,62.12,46.92,
"2022-08-08 07:16:49",94.56,29.64,3.25,61.65,46.70,
"2022-08-07 10:19:34",92.70,29.45,3.19,60.05,45.64,
"2022-08-06 11:44:21",91.94,29.18,3.17,59.58,45.28,
"2022-08-06 09:22:56",92.24,29.60,3.17,59.46,45.30,
"2022-08-06 08:52:33",91.83,28.63,3.18,60.00,45.43,
"2022-08-06 05:27:57",92.44,30.04,3.16,59.22,45.25,
"2022-08-05 11:41:35",93.21,26.82,3.30,63.08,47.10,
"2022-08-04 13:14:33",92.26,25.81,3.30,63.13,46.97,
"2022-08-04 06:58:52",93.10,30.10,3.18,59.81,45.63,
"2022-08-03 08:13:30",92.77,30.43,3.16,59.16,45.30,
"2022-08-02 08:09:26",92.60,29.42,3.19,59.98,45.59,
"2022-08-01 08:23:26",93.37,29.89,3.20,60.27,45.88,
"2022-07-31 10:07:13",92.74,28.77,3.21,60.74,45.94,
"2022-07-30 08:02:28",91.91,28.69,3.18,60.02,45.46,
"2022-07-29 12:16:16",92.33,29.15,3.18,59.98,45.54,
"2022-07-29 07:13:05",92.51,30.55,3.15,58.79,45.11,
"2022-07-28 11:01:12",91.74,29.36,3.16,59.21,45.09,
"2022-07-28 07:02:52",92.32,31.79,3.10,57.41,44.56,
"2022-07-27 16:56:15",91.60,31.18,3.10,57.31,44.34,
"2022-07-27 06:55:27",92.52,30.95,3.14,58.41,44.97,
"2022-07-26 06:51:10",92.44,30.87,3.13,58.41,44.95,
"2022-07-25 11:58:37",92.95,28.63,3.23,61.09,46.14,
"2022-07-25 06:49:57",93.47,30.58,3.18,59.70,45.68,
"2022-07-24 07:46:02",93.17,29.75,3.20,60.21,45.81,
"2022-07-23 05:13:36",93.92,30.13,3.21,60.56,46.12,
"2022-07-22 07:12:45",93.33,29.10,3.22,60.99,46.17,
"2022-07-21 13:28:36",92.56,29.05,3.20,60.30,45.72,
"2022-07-20 06:48:31",93.63,32.28,3.14,58.20,45.16,
"2022-07-19 08:23:15",93.35,31.39,3.15,58.79,45.31,
"2022-07-17 10:13:45",93.61,30.04,3.20,60.35,45.97,
"2022-07-06 06:49:57",92.74,29.48,3.19,60.06,45.66,
"2022-07-06 06:49:08",92.74,29.80,3.18,59.74,45.53,
"2022-07-05 08:54:30",93.33,29.37,3.21,60.73,46.06,
"2022-07-04 07:45:51",94.57,28.39,3.30,62.87,47.25,
"2022-07-03 09:41:23",93.61,27.41,3.30,62.89,47.08,
"2022-07-02 05:13:19",92.55,28.97,3.20,60.37,45.74,
"2022-07-01 07:03:54",92.24,29.33,3.18,59.72,45.41,
"2022-06-30 06:58:06",92.26,28.64,3.20,60.41,45.70,
"2022-06-29 07:27:39",93.08,29.14,3.21,60.71,46.01,
"2022-06-28 08:13:29",92.94,28.74,3.22,60.96,46.08,
"2022-06-27 07:22:57",93.66,29.68,3.22,60.75,46.14,
"2022-06-26 09:05:35",93.07,31.56,3.14,58.35,45.08,
"2022-06-25 05:10:05",92.76,29.55,3.19,60.01,45.65,
"2022-06-24 07:58:26",93.09,29.80,3.19,60.09,45.75,
"2022-06-23 08:12:07",93.37,31.14,3.16,59.06,45.42,
"2022-06-22 06:56:54",93.64,31.13,3.17,59.32,45.58,
"2022-06-21 06:57:40",94.67,30.62,3.22,60.81,46.39,
"2022-06-20 16:08:39",95.99,27.04,3.41,65.52,48.79,
"2022-06-19 10:44:51",95.57,29.70,3.29,62.57,47.31,
"2022-06-18 10:51:18",93.17,29.35,3.21,60.60,45.98,
"2022-06-18 07:37:49",94.09,28.37,3.28,62.43,46.96,
"2022-06-17 11:02:56",93.35,30.51,3.18,59.64,45.64,
"2022-06-17 07:06:20",94.21,29.84,3.23,61.12,46.42,
"2022-06-16 16:20:37",93.48,29.03,3.23,61.20,46.30,
"2022-06-16 14:02:52",93.77,30.58,3.19,59.98,45.86,
"2022-06-16 11:51:09",93.43,28.92,3.23,61.26,46.32,
"2022-06-15 12:44:31",93.52,28.53,3.25,61.72,46.53,
"2022-06-14 17:32:35",94.20,27.71,3.31,63.17,47.32,
"2022-06-14 16:54:21",94.78,30.59,3.23,60.95,46.47,
"2022-06-14 06:48:33",94.83,31.55,3.20,60.07,46.14,
"2022-06-13 07:03:40",95.06,,,,,
"2022-06-12 10:30:58",93.90,31.73,3.16,59.00,45.52,
"2022-06-11 08:51:01",93.79,30.54,3.19,60.05,45.89,
"2022-06-10 08:14:12",94.72,32.20,3.18,59.33,45.84,
"2022-06-09 08:29:20",95.15,31.37,3.22,60.55,46.40,
"2022-06-08 09:03:44",96.03,30.19,3.29,62.53,47.39,
"2022-06-08 09:02:51",96.03,30.34,3.29,62.39,47.33,
"2022-06-08 08:42:39",96.26,,,,,
"2022-03-27 16:29:05",89.88,26.96,3.16,59.74,44.93,
"2022-03-26 08:38:38",89.38,26.86,3.15,59.36,44.66,
"2022-03-25 07:44:51",90.78,28.28,3.15,59.33,44.95,
"2022-02-25 11:32:37",89.44,25.85,3.18,60.39,45.15,
"2022-02-18 07:58:05",87.21,28.13,3.03,56.03,42.82,
"2022-02-11 08:53:19",90.06,27.36,3.16,59.53,44.89,
"2022-02-04 08:04:17",90.52,27.48,3.17,59.85,45.12,
"2022-01-28 10:05:19",89.73,29.76,3.07,56.88,43.75,
"2022-01-21 09:17:52",91.96,27.47,3.23,61.25,46.04,
"2022-01-14 09:51:55",91.84,28.95,3.17,59.70,45.34,
"2022-01-07 09:50:06",92.67,30.59,3.15,58.91,45.22,
"2022-01-02 14:13:55",94.31,30.23,3.22,60.84,46.35,
"2022-01-02 14:13:01",94.33,30.39,3.22,60.71,46.30,
"2022-01-02 14:12:08",94.30,30.70,3.21,60.37,46.16,
"2022-01-02 14:10:05",94.48,30.95,3.21,60.31,46.17,
"2022-01-02 13:52:35",94.40,,,,,
"2021-12-27 08:55:19",83.56,,,,,
"2021-12-13 09:24:07",82.72,19.61,3.14,59.95,43.93,
"2021-12-13 09:09:10",83.11,,,,,
"2021-11-17 07:47:12",82.17,,,,,
"2021-11-03 08:06:44",83.26,,,,,
"2021-11-02 08:05:58",84.42,,,,,
"2021-10-23 08:23:24",83.32,22.05,3.08,58.18,42.98,
"2021-10-13 07:44:58",83.41,,,,,
"2021-09-15 17:24:02",89.00,,,,,
"2021-09-14 19:11:16",88.27,22.13,3.28,62.84,46.31,
"2021-09-10 12:58:47",87.99,25.26,3.15,59.57,44.51,
"2021-09-03 08:21:16",88.70,27.20,3.11,58.38,44.13,
"2021-08-29 10:28:10",88.95,,,,,
"2021-08-21 14:26:29",87.00,25.88,3.09,58.02,43.61,
"2021-08-20 09:04:25",87.78,26.72,3.09,57.95,43.75,
"2021-08-19 11:59:48",87.49,24.97,3.14,59.37,44.33,
"2021-08-18 14:31:37",87.49,23.93,3.18,60.37,44.82,
"2021-08-11 17:56:50",87.77,24.28,3.17,60.30,44.83,
"2021-08-10 20:42:18",88.21,23.14,3.24,61.82,45.71,
"2021-08-07 15:41:39",88.21,23.14,3.24,61.82,45.71,
"2021-07-28 17:11:04",89.04,24.27,3.23,61.53,45.68,
"2021-07-21 09:28:48",89.86,28.71,3.11,58.03,44.25,
"2021-07-17 09:15:02",91.12,27.16,3.21,60.74,45.67,
"2021-06-25 10:24:01",86.04,25.64,3.06,57.32,43.11,
"2021-06-24 08:56:09",86.68,27.05,3.05,56.57,42.94,
"2021-06-23 09:47:09",85.95,27.11,3.02,55.80,42.47,
"2021-06-23 09:44:39",85.91,27.23,3.01,55.65,42.40,
"2021-06-22 19:56:21",86.95,27.36,3.05,56.52,42.99,
"2021-06-22 11:33:51",86.28,27.29,3.03,55.95,42.61,
"2021-06-22 09:07:11",86.53,27.43,3.03,56.05,42.71,
"2021-06-19 15:22:07",87.58,23.88,3.18,60.51,44.92,
"2021-06-11 03:54:07",86.82,24.24,3.14,59.42,44.24,
"2021-06-10 09:01:22",85.77,25.08,3.07,57.60,43.18,
"2021-06-09 10:53:28",86.35,25.57,3.08,57.69,43.34,
"2021-06-08 09:49:42",87.65,25.25,3.14,59.25,44.31,
"2021-06-04 08:33:22",88.16,24.98,3.16,60.00,44.76,
"2021-06-03 09:35:31",88.06,25.68,3.14,59.23,44.38,
"2021-05-31 09:47:12",88.91,26.39,3.15,59.35,44.61,
"2021-05-28 10:28:01",87.15,24.64,3.14,59.35,44.26,
"2021-05-27 10:43:12",86.38,26.81,3.04,56.52,42.85,
"2021-05-26 08:55:35",87.22,26.50,3.08,57.63,43.50,
"2021-05-24 06:28:57",87.29,25.75,3.11,58.42,43.86,
"2021-05-23 11:11:42",87.91,25.99,3.12,58.79,44.15,
"2021-05-22 10:56:51",88.54,23.16,3.25,62.12,45.93,
"2021-05-21 08:18:45",87.34,24.59,3.15,59.58,44.41,
"2021-05-20 12:11:14",87.80,23.28,3.21,61.30,45.38,
"2021-05-20 12:10:10",88.20,,,,,
"2021-05-20 12:07:46",87.78,,,,,
"2021-05-20 12:07:25",87.79,,,,,
"2021-04-05 09:10:06",79.22,,,,,
"2021-04-04 07:16:21",79.97,,,,,
"2021-04-03 09:35:39",77.83,,,,,
"2021-04-03 08:10:38",77.72,,,,,
"2021-03-27 16:13:23",78.71,,,,,
"2021-03-26 08:34:42",78.94,19.71,2.98,56.23,41.23,
"2021-03-25 08:33:52",79.79,21.01,2.98,55.79,41.15,
"2021-03-24 09:10:34",80.26,20.64,3.00,56.60,41.65,
"2021-03-23 14:26:41",80.39,19.92,3.03,57.42,42.13,
"2021-03-22 17:55:26",80.81,19.89,3.05,57.85,42.44,
"2021-03-19 17:15:18",80.69,20.63,3.02,57.02,41.95,
"2021-03-16 14:47:44",81.43,21.27,3.03,57.11,42.12,
"2021-03-13 11:58:27",80.71,21.16,3.01,56.53,41.69,
"2021-03-07 09:01:54",82.04,20.14,3.09,58.79,43.16,
"2021-03-06 17:32:27",81.61,18.92,3.12,59.55,43.59,
"2021-03-04 08:38:47",81.58,21.52,3.03,57.02,42.10,
"2021-03-03 09:08:11",82.58,21.85,3.05,57.66,42.61,
"2021-03-02 10:46:23",82.63,21.71,3.06,57.84,42.71,
"2021-02-28 07:58:11",84.36,22.34,3.11,58.89,43.56,
"2021-02-27 15:22:32",83.23,22.28,3.06,57.87,42.83,
"2021-02-25 10:37:33",83.59,22.02,3.09,58.46,43.20,
"2021-02-24 09:32:17",84.37,21.96,3.12,59.27,43.76,
"2021-02-20 09:10:03",82.22,21.81,3.04,57.35,42.39,
"2021-02-19 09:07:02",84.38,22.51,3.10,58.75,43.49,
"2021-02-18 12:20:32",83.91,19.99,3.18,60.72,44.56,
"2021-02-17 16:14:12",83.68,21.15,3.12,59.39,43.73,
"2021-01-26 13:21:07",83.01,,,,,
"2021-01-25 09:34:25",80.85,,,,,
"2021-01-23 09:31:52",79.82,,,,,
"2021-01-13 16:26:27",80.82,19.50,3.07,58.24,42.68,
"2020-12-20 13:09:03",78.86,,,,,
"2020-12-15 16:54:14",77.64,15.74,3.08,58.81,42.83,
"2020-12-14 15:41:05",78.27,17.36,3.04,57.85,42.16,
"2020-12-09 17:12:55",76.02,16.47,2.98,56.55,41.08,
"2020-12-08 17:16:51",77.11,15.73,3.06,58.31,42.43,
"2020-11-26 16:32:34",74.54,14.97,2.98,56.59,41.01,
"2020-11-19 08:44:21",73.76,14.49,2.96,56.29,40.75,
"2020-11-17 08:23:12",73.81,15.13,2.94,55.72,40.31,
"2020-11-16 07:36:54",75.01,,,,,
"2020-11-14 09:37:36",74.60,14.42,3.00,57.17,41.48,
"2020-11-13 08:11:19",74.84,14.91,2.99,56.92,41.28,
"2020-11-12 07:47:24",73.73,15.01,2.94,55.76,40.34,
"2020-11-11 07:47:01",74.37,14.51,2.99,56.86,41.22,
"2020-11-10 07:44:21",74.71,14.34,3.01,57.35,41.63,
"2020-11-09 07:34:57",75.79,14.55,3.05,58.17,42.32,
"2020-11-08 08:38:48",74.26,14.02,3.00,57.22,41.52,
"2020-11-07 09:00:26",73.70,14.19,2.97,56.52,40.94,
"2020-11-06 08:22:31",73.18,13.62,2.97,56.58,40.99,
"2020-11-05 08:02:13",73.72,13.93,2.98,56.79,41.16,
"2020-11-04 08:06:53",73.99,13.56,3.01,57.41,41.70,
"2020-11-03 07:57:49",73.43,13.73,2.98,56.71,41.10,
"2020-11-02 07:36:45",73.08,13.81,2.96,56.29,40.74,
"2020-10-31 08:34:05",72.82,12.60,3.00,57.20,41.59,
"2020-10-30 08:51:14",72.22,13.33,2.94,55.93,40.44,
"2020-10-29 08:10:17",71.88,13.76,2.91,55.19,39.81,
"2020-10-28 08:41:26",71.21,13.57,2.89,54.73,39.42,
"2020-10-27 08:03:55",72.07,13.62,2.92,55.51,40.08,
"2020-10-26 07:48:19",71.03,13.77,2.87,54.37,39.13,
"2020-10-25 08:01:15",72.20,14.00,2.91,55.27,39.89,
"2020-10-24 09:08:49",71.96,13.85,2.91,55.18,39.81,
"2020-10-23 08:37:43",71.44,14.02,2.88,54.52,39.27,
"2020-10-22 08:01:49",72.37,14.58,2.90,54.87,39.59,
"2020-10-21 08:12:40",73.32,14.86,2.93,55.52,40.13,
"2020-10-20 07:35:00",73.82,14.65,2.96,56.20,40.68,
"2020-10-19 13:12:34",74.89,13.65,3.05,58.18,42.36,
"2020-10-17 18:14:30",74.68,12.83,3.08,58.75,42.95,
"2020-10-03 09:18:50",71.75,12.96,2.94,55.83,40.36,
"2020-10-02 09:06:17",72.38,13.92,2.92,55.52,40.10,
"2020-09-30 11:57:36",71.50,13.43,2.91,55.15,39.78,
"2020-09-30 11:56:51",71.53,13.50,2.91,55.11,39.74,
"2020-09-30 11:56:06",71.49,13.56,2.90,55.02,39.67,
"2020-09-30 11:55:21",71.54,13.62,2.90,55.01,39.66,
"2020-09-30 08:32:04",71.96,13.84,2.91,55.19,39.82,
"2020-09-29 08:29:02",71.59,13.43,2.91,55.23,39.84,
"2020-09-28 07:43:58",72.25,14.03,2.92,55.29,39.91,
"2020-09-26 09:47:39",74.00,13.68,3.01,57.30,41.60,
"2020-09-25 09:06:40",71.96,13.48,2.92,55.54,40.11,
"2020-09-24 09:04:11",72.27,13.47,2.94,55.85,40.37,
"2020-09-23 09:03:50",72.53,14.09,2.92,55.50,40.09,
"2020-09-22 09:26:28",72.87,14.19,2.93,55.73,40.28,
"2020-09-21 13:24:47",73.39,13.12,3.00,57.25,41.60,
"2020-09-21 13:23:23",73.42,12.98,3.01,57.41,41.74,
"2020-09-21 13:22:38",73.40,13.06,3.01,57.31,41.65,
"2020-09-21 07:23:07",74.85,14.49,3.01,57.34,41.62,
"2020-09-20 11:57:33",73.94,12.39,3.06,58.46,42.75,
"2020-09-19 05:02:38",72.10,13.69,2.92,55.47,40.05,
"2020-09-18 09:12:59",70.99,13.25,2.89,54.84,39.50,
"2020-09-17 08:41:06",71.20,13.32,2.90,54.97,39.62,
"2020-09-16 08:18:43",71.58,13.51,2.91,55.15,39.77,
"2020-09-15 08:27:59",70.44,13.01,2.88,54.54,39.25,
"2020-09-14 07:54:25",70.93,12.88,2.90,55.13,39.75,
"2020-09-13 09:02:39",70.86,13.21,2.89,54.75,39.43,
"2020-09-12 09:23:19",71.29,13.43,2.90,54.94,39.59,
"2020-09-11 09:04:28",71.87,13.52,2.92,55.41,40.00,
"2020-09-10 08:19:17",71.79,13.69,2.91,55.18,39.80,
"2020-09-09 08:47:49",72.18,13.84,2.92,55.41,40.00,
"2020-09-08 07:29:17",72.84,14.08,2.94,55.81,40.34,
"2020-09-07 07:33:34",74.78,14.67,3.00,57.10,41.43,
"2020-09-06 12:47:57",72.33,13.39,2.94,55.98,40.49,
"2020-09-05 17:04:44",71.85,13.17,2.93,55.74,40.28,
"2020-09-05 10:37:39",71.49,13.30,2.91,55.27,39.87,
"2020-09-04 07:57:04",71.35,13.66,2.89,54.78,39.47,
"2020-09-03 07:42:25",71.29,13.80,2.88,54.58,39.31,
"2020-09-02 16:46:50",71.43,12.88,2.93,55.62,40.18,
"2020-09-02 07:46:06",71.43,13.99,2.88,54.54,39.28,
"2020-09-01 08:09:04",71.86,13.79,2.91,55.15,39.79,
"2020-08-31 07:52:12",71.84,14.13,2.89,54.79,39.50,
"2020-08-30 08:48:38",72.38,14.40,2.91,55.06,39.74,
"2020-08-29 09:54:36",72.72,13.87,2.94,55.90,40.41,
"2020-08-28 23:02:22",72.59,14.44,2.91,55.22,39.87,
"2020-08-27 09:04:30",72.69,15.55,,,,
"2020-08-26 07:50:14",72.87,15.72,,,,
"2020-08-25 09:00:52",73.06,15.34,,,,
"2020-08-24 07:33:12",74.08,15.99,,,,
"2020-08-23 09:02:13",74.72,16.33,,,,
"2020-08-22 08:17:55",74.52,16.27,,,,
"2020-08-21 09:44:13",74.42,16.29,,,,
"2020-08-20 08:05:49",74.29,16.56,,,,
"2020-08-19 08:04:56",74.76,16.43,,,,
"2020-08-18 08:20:53",74.64,16.36,,,,
"2020-08-17 07:28:10",75.39,16.94,,,,
"2020-08-16 08:28:48",75.28,16.71,,,,
"2020-08-15 07:47:12",75.77,16.19,,,,
"2020-08-14 08:30:28",76.39,17.01,,,,
"2020-08-13 07:35:54",77.00,17.14,,,,
"2020-08-12 09:30:48",77.34,16.78,,,,
"2020-08-11 08:57:40",77.06,17.04,,,,
"2020-08-10 07:30:01",76.87,17.61,,,,
"2020-08-09 09:50:22",75.90,17.31,,,,
"2020-08-08 08:10:30",75.97,17.54,,,,
"2020-08-07 13:06:33",75.82,16.02,,,,
"2020-08-07 07:34:38",76.71,18.01,,,,
"2020-08-06 07:52:17",76.50,17.55,,,,
"2020-08-05 07:29:26",76.39,17.92,,,,
"2020-08-04 07:18:15",76.40,18.31,,,,
"2020-08-03 08:20:11",77.90,18.25,,,,
"2020-08-02 09:35:41",78.01,18.34,,,,
"2020-08-01 07:02:23",78.29,18.23,,,,
"2020-07-31 08:00:36",78.09,18.48,,,,
"2020-07-30 07:25:21",77.96,18.86,,,,
"2020-07-29 07:34:49",78.75,19.38,,,,
"2020-07-28 07:11:31",78.93,19.56,,,,
"2020-07-27 07:35:43",78.88,19.76,,,,
"2020-07-26 08:22:04",78.71,19.88,,,,
"2020-07-25 08:41:25",78.49,19.96,,,,
"2020-07-24 07:47:00",78.95,19.97,,,,
"2020-07-23 08:06:25",78.72,19.85,,,,
"2020-07-22 07:55:56",78.95,19.97,,,,
"2020-07-21 07:23:20",79.78,20.81,,,,
"2020-07-20 07:44:29",80.81,20.89,,,,
"2020-07-19 21:28:33",81.71,19.69,,,,
"2020-07-18 08:51:24",79.66,20.27,,,,
"2020-07-17 07:37:13",79.87,20.69,,,,
"2020-07-16 08:09:04",79.95,20.89,,,,
"2020-07-15 09:16:18",79.99,18.75,,,,
"2020-07-15 09:15:30",80.18,17.04,,,,
"2020-07-14 07:49:30",80.50,21.46,,,,
"2020-07-09 08:48:43",79.98,18.74,,,,
"2020-07-07 08:49:45",81.60,22.88,,,,
"2020-06-04 08:43:09",78.55,19.08,,,,
"2020-05-31 09:08:17",77.57,18.78,,,,
"2020-05-30 08:42:58",77.00,18.52,,,,
"2020-05-29 09:39:17",77.37,19.16,,,,
"2020-05-21 09:43:03",76.91,18.47,,,,
"2020-05-14 10:51:33",76.24,17.32,,,,
"2020-05-13 09:19:42",75.19,17.74,,,,
"2020-05-12 09:17:58",75.24,17.68,,,,
"2020-05-10 10:59:01",76.21,17.89,,,,
"2020-05-08 11:02:56",74.39,18.12,,,,
"2020-05-07 08:57:09",75.32,18.88,,,,
"2020-05-06 08:36:18",76.84,18.91,,,,
"2020-04-29 09:34:20",75.79,,,,,
"2020-04-29 09:33:54",75.85,,,,,
"2020-04-27 09:43:58",79.02,19.15,,,,
"2020-04-23 10:12:46",76.31,18.03,,,,
"2020-04-22 09:32:21",75.79,17.91,,,,
"2020-04-21 09:21:48",76.34,18.06,,,,
"2020-04-20 09:13:04",76.35,18.28,,,,
"2020-04-14 12:13:30",75.08,16.39,,,,
"2020-04-12 11:28:56",75.04,17.38,,,,
"2020-04-09 09:22:32",75.10,17.32,,,,
"2020-04-08 07:57:55",74.98,17.19,,,,
"2020-04-03 08:50:55",73.87,16.44,,,,
"2020-04-02 10:02:27",74.07,16.69,,,,
"2020-04-01 10:06:17",74.90,17.35,,,,
"2020-03-31 11:11:45",75.34,17.22,,,,
"2020-03-30 15:47:25",75.85,16.56,,,,
"2020-03-27 09:11:30",75.33,17.12,,,,
"2020-03-26 08:38:48",76.41,17.90,,,,
"2020-03-26 08:33:43",76.37,17.83,,,,
"2020-03-25 10:22:15",77.61,18.13,,,,
"2020-03-24 10:26:07",77.24,17.84,,,,
"2020-03-23 10:28:34",79.35,18.45,,,,
"2020-03-20 09:34:28",78.04,17.88,,,,
"2020-03-19 08:08:45",78.05,14.95,,,,
"2020-03-13 05:42:34",74.90,16.56,,,,
"2020-03-12 08:45:30",75.18,16.27,,,,
"2020-03-11 10:06:45",75.03,16.24,,,,
"2020-03-10 07:27:12",75.26,16.92,,,,
"2020-03-09 08:27:35",75.15,17.07,,,,
"2020-03-08 10:06:05",75.75,17.66,,,,
"2020-03-07 11:04:13",74.94,16.86,,,,
"2020-03-06 09:05:57",74.52,16.68,,,,
"2020-03-05 09:08:49",73.81,16.72,,,,
"2020-03-04 09:23:46",73.85,16.90,,,,
"2020-03-03 10:09:05",74.45,17.26,,,,
"2020-03-02 09:38:07",75.04,17.59,,,,
"2020-03-01 10:51:22",75.95,17.99,,,,
"2020-02-29 09:41:18",75.20,17.76,,,,
"2020-02-28 09:01:22",76.10,18.30,,,,
"2020-02-27 09:21:25",75.93,18.01,,,,
"2020-02-26 09:23:07",75.85,18.18,,,,
"2020-02-25 09:03:29",76.57,18.24,,,,
"2020-02-24 09:07:14",76.99,19.02,,,,
"2020-02-23 10:57:42",77.79,18.42,,,,
"2020-02-22 09:17:48",77.06,18.54,,,,
"2020-02-21 09:07:11",76.30,18.81,,,,
"2020-02-20 09:07:28",76.42,18.84,,,,
"2020-02-19 09:32:17",77.05,18.82,,,,
"2020-02-18 10:37:25",77.69,18.52,,,,
"2020-02-17 09:39:45",77.39,18.86,,,,
"2020-02-16 11:52:21",77.00,19.42,,,,
"2020-02-15 10:33:43",77.04,19.36,,,,
"2020-02-14 10:01:15",77.85,19.62,,,,
"2020-02-10 11:40:05",78.47,20.16,,,,
"2020-02-08 10:42:30",78.22,19.79,,,,
"2020-02-07 09:20:04",77.66,19.42,,,,
"2020-02-06 10:00:11",77.52,19.67,,,,
"2020-02-05 10:09:13",77.87,19.86,,,,
"2020-02-04 10:23:39",77.73,19.59,,,,
"2020-02-03 10:49:04",78.39,20.25,,,,
"2020-02-02 13:00:40",77.44,18.79,,,,
"2020-02-01 09:21:30",78.42,19.09,,,,
"2020-01-31 07:21:42",78.19,20.71,,,,
"2020-01-30 10:03:19",79.12,20.98,,,,
"2020-01-29 09:52:53",79.23,20.84,,,,
"2020-01-28 08:16:10",78.74,20.36,,,,
"2020-01-27 10:15:38",79.28,20.41,,,,
"2020-01-26 10:17:50",79.65,20.53,,,,
"2020-01-25 09:10:08",78.80,21.12,,,,
"2020-01-24 12:00:00",78.80,,,,,
"2020-01-24 09:49:00",79.25,21.14,,,,
"2020-01-23 09:04:47",79.68,21.53,,,,
"2020-01-22 09:53:57",80.07,21.27,,,,
"2020-01-21 10:04:57",80.34,22.10,,,,
"2020-01-19 13:32:51",79.09,20.91,,,,
"2020-01-18 10:43:28",80.34,21.59,,,,
"2020-01-17 09:13:52",79.63,21.96,,,,
"2020-01-16 23:04:32",80.00,,,,,
"2020-01-16 07:50:27",80.35,22.22,,,,
"2020-01-15 12:00:00",80.20,,,,,
"2020-01-15 10:03:00",81.65,22.14,,,,
"2020-01-12 09:35:10",80.29,22.75,,,,
"2020-01-10 10:10:43",80.75,22.64,,,,
"2020-01-09 10:57:01",80.65,22.59,,,,
"2020-01-08 10:04:46",80.69,22.63,,,,
"2020-01-07 09:40:24",80.95,23.34,,,,
"2020-01-06 10:06:14",81.55,23.52,,,,
"2020-01-05 10:13:37",81.35,23.81,,,,
"2020-01-04 10:16:33",82.19,23.69,,,,
"2020-01-03 10:53:00",83.14,23.86,,,,
"2020-01-01 12:08:48",83.15,23.82,,,,
"2019-12-31 13:09:49",82.94,22.60,,,,
"2019-12-29 12:06:06",83.25,24.10,,,,
"2019-12-28 09:43:40",83.45,23.91,,,,
"2019-12-27 09:03:08",83.08,24.40,,,,
"2019-12-26 10:36:57",83.08,25.19,,,,
"2019-12-25 10:05:52",83.47,24.26,,,,
"2019-12-24 07:38:53",84.00,25.72,,,,
"2019-12-18 12:19:58",84.23,23.04,,,,
"2019-12-13 09:15:57",86.57,27.89,,,,
"2019-12-11 08:50:02",85.66,,,,,
"2019-12-10 10:17:34",86.29,28.13,,,,
"2019-12-09 07:35:07",88.30,28.66,,,,
"2019-12-08 10:41:48",87.63,28.60,,,,
"2019-12-06 09:18:39",86.60,27.71,,,,
"2019-12-05 09:31:24",86.65,27.75,,,,
"2019-12-04 08:52:30",86.33,28.22,,,,
"2019-12-02 08:32:56",88.02,28.04,,,,
"2019-11-30 10:30:42",87.96,27.09,,,,
"2019-11-29 10:50:12",87.07,27.85,,,,
"2019-11-25 17:01:36",88.45,,,,,
"2019-11-24 10:31:09",88.77,28.39,,,,
"2019-11-22 08:55:22",88.56,28.57,,,,
"2019-11-21 09:40:40",88.70,28.43,,,,
"2019-11-19 22:04:02",89.99,23.87,,,,
"2019-11-18 12:00:00",72.30,,,,,
"2019-11-15 10:23:21",89.07,28.96,,,,
"2019-11-12 11:09:21",89.61,27.86,,,,
"2019-10-28 08:50:08",87.75,27.55,,,,
"2019-10-25 08:03:35",86.66,27.34,,,,
"2019-10-24 09:40:42",86.59,27.00,,,,
"2019-10-21 09:25:33",86.98,27.27,,,,
"2019-10-20 10:09:19",86.70,27.59,,,,
"2019-10-19 08:44:10",86.10,27.29,,,,
"2019-10-18 08:59:16",86.03,27.59,,,,
"2019-10-17 08:56:51",86.41,27.03,,,,
"2019-10-16 08:53:18",85.74,27.14,,,,
"2019-10-15 09:14:20",86.09,27.13,,,,
"2019-10-14 17:29:27",86.22,25.06,,,,
"2019-10-12 08:08:01",85.58,27.03,,,,
"2019-10-11 09:06:26",85.07,27.16,,,,
"2019-10-10 09:18:26",85.33,27.43,,,,
"2019-10-09 09:38:22",85.99,26.93,,,,
"2019-10-08 09:05:31",86.39,26.22,,,,
"2019-10-07 09:35:42",86.41,27.70,,,,
"2019-10-06 14:04:46",86.25,28.07,,,,
"2019-10-06 09:44:13",86.68,28.35,,,,
"2019-10-04 09:24:55",86.89,27.18,,,,
"2019-10-03 11:16:18",86.02,27.26,,,,
"2019-10-02 09:49:28",86.06,27.72,,,,
"2019-10-01 17:55:59",86.98,25.44,,,,
"2019-09-30 11:01:06",88.61,27.30,,,,
"2019-09-29 12:13:33",87.09,26.46,,,,
"2019-09-28 09:47:06",85.84,27.08,,,,
"2019-09-27 09:35:00",86.42,26.51,,,,
"2019-09-26 08:32:03",86.14,27.28,,,,
"2019-09-25 08:42:02",86.51,27.91,,,,
"2019-09-24 08:57:25",86.62,27.76,,,,
"2019-09-23 09:51:07",87.24,28.33,,,,
"2019-09-22 09:37:34",87.12,27.99,,,,
"2019-09-21 10:05:31",86.60,27.57,,,,
"2019-09-20 07:55:27",86.78,28.45,,,,
"2019-09-19 07:16:58",87.25,28.83,,,,
"2019-09-18 08:05:27",87.58,28.95,,,,
"2019-09-17 08:34:39",87.78,28.50,,,,
"2019-09-16 07:26:32",88.38,29.06,,,,
"2019-09-15 07:14:31",88.23,26.37,,,,
"2019-09-14 14:57:39",89.39,22.26,,,,
"2019-08-06 08:40:31",86.22,27.50,,,,
"2019-08-04 11:11:17",87.04,27.47,,,,
"2019-08-02 08:33:29",86.13,27.14,,,,
"2019-08-01 09:29:09",86.05,26.28,,,,
"2019-07-31 08:54:14",85.57,26.84,,,,
"2019-07-30 08:52:15",86.09,26.95,,,,
"2019-07-29 09:09:17",86.53,32.52,,,,
"2019-07-24 08:55:02",85.58,25.17,,,,
"2019-07-15 10:33:15",84.23,25.37,,,,
"2019-07-14 10:26:21",85.16,25.53,,,,
"2019-07-13 09:58:18",85.10,24.97,,,,
"2019-07-11 08:49:20",84.58,25.76,,,,
"2019-07-09 09:38:49",85.03,25.50,,,,
"2019-07-08 10:34:37",86.05,25.25,,,,
"2019-07-05 09:41:47",84.74,25.17,,,,
"2019-07-04 12:09:52",84.32,24.92,,,,
"2019-06-25 08:41:17",84.41,24.56,,,,
"2019-06-24 11:47:04",83.52,23.35,,,,
"2019-06-21 09:27:33",84.47,24.42,,,,
"2019-06-15 08:05:28",83.54,23.09,,,,
"2019-06-12 10:08:53",81.69,22.81,,,,
"2019-06-11 09:10:07",82.34,23.15,,,,
"2019-06-09 10:07:27",81.38,22.13,,,,
"2019-06-08 10:01:50",80.13,22.21,,,,
"2019-06-05 09:07:24",81.33,22.26,,,,
"2019-06-04 08:39:47",81.42,22.56,,,,
"2019-06-03 09:59:15",81.71,19.62,,,,
"2019-06-01 09:21:42",80.10,22.34,,,,
"2019-05-31 11:46:28",80.83,21.63,,,,
"2019-05-24 10:41:27",80.97,21.76,,,,
"2019-05-23 09:43:09",80.51,22.06,,,,
"2019-05-21 08:49:06",80.33,21.56,,,,
"2019-05-20 09:51:55",79.80,21.29,,,,
"2019-05-19 10:38:29",79.77,21.42,,,,
"2019-05-16 08:49:59",79.47,21.23,,,,
"2019-05-15 08:46:40",79.60,21.50,,,,
"2019-05-13 09:17:54",80.67,21.61,,,,
"2019-05-09 08:52:47",78.75,21.16,,,,
"2019-05-08 08:51:24",78.72,21.40,,,,
"2019-05-07 07:36:40",79.71,21.36,,,,
"2019-05-06 08:47:43",79.41,20.77,,,,
"2019-05-05 08:30:18",79.64,21.22,,,,
"2019-05-04 08:51:29",79.97,21.68,,,,
"2019-05-03 08:56:42",80.51,21.89,,,,
"2019-05-02 08:03:11",81.59,21.84,,,,
"2019-05-01 09:16:19",81.33,22.16,,,,
"2019-04-30 08:50:01",79.34,21.50,,,,
"2019-04-29 09:17:25",80.08,21.53,,,,
"2019-04-28 10:57:58",79.70,21.68,,,,
"2019-04-27 09:19:31",80.00,21.91,,,,
"2019-04-26 09:51:42",80.78,,,,,
"2019-04-25 08:38:47",80.56,22.18,,,,
"2019-04-24 08:52:20",81.11,22.69,,,,
"2019-04-23 08:35:24",81.90,33.53,,,,
"2019-04-22 09:58:28",80.95,22.24,,,,
"2019-04-21 09:09:24",81.21,22.31,,,,
"2019-04-20 08:19:23",80.27,21.78,,,,
"2019-04-19 09:02:46",80.38,21.88,,,,
"2019-04-18 09:53:09",80.41,,,,,
"2019-04-17 08:55:05",80.67,22.07,,,,
"2019-04-16 09:40:42",80.47,21.00,,,,
"2019-04-15 09:15:08",81.19,22.25,,,,
"2019-04-14 08:22:35",80.89,23.84,,,,
"2019-04-13 08:48:09",80.46,23.04,,,,
"2019-04-12 09:23:47",81.13,22.71,,,,
"2019-04-11 09:43:35",81.29,,,,,
"2019-04-10 09:28:13",81.77,23.43,,,,
"2019-04-09 08:17:23",82.17,23.33,,,,
"2019-04-08 11:47:30",82.19,22.18,,,,
"2019-04-06 08:10:18",82.00,23.83,,,,
"2019-04-05 09:16:44",81.35,23.39,,,,
"2019-04-04 09:01:09",81.54,23.61,,,,
"2019-04-03 07:59:54",82.21,23.86,,,,
"2019-04-02 09:04:41",82.43,24.07,,,,
"2019-04-01 07:16:03",83.22,24.32,,,,
"2019-03-31 10:14:44",83.36,24.41,,,,
"2019-03-30 08:29:39",82.83,24.08,,,,
"2019-03-29 09:43:33",82.95,24.99,,,,
"2019-03-28 08:58:04",83.63,24.62,,,,
"2019-03-27 07:48:17",83.64,25.10,,,,
"2019-03-26 08:12:38",83.96,25.17,,,,
"2019-03-25 10:53:27",84.02,24.41,,,,
"2019-03-22 07:34:31",84.10,24.49,,,,
"2019-03-21 11:28:23",84.42,24.30,,,,
"2019-03-19 13:23:03",84.44,20.65,,,,
"2019-03-18 08:55:28",84.09,25.34,,,,
"2019-03-17 14:56:14",84.39,24.85,,,,
"2019-03-05 09:20:28",83.99,24.47,,,,
"2019-02-08 15:13:52",84.18,24.02,,,,
"2019-01-23 10:03:38",82.00,23.28,,,,
"2019-01-22 10:12:45",81.83,23.03,,,,
"2019-01-21 10:26:26",82.51,23.49,,,,
"2019-01-15 09:13:21",82.33,23.40,,,,
"2019-01-11 10:38:18",80.38,22.19,,,,
"2019-01-09 10:15:43",80.74,21.90,,,,
"2019-01-08 09:30:08",81.01,22.48,,,,
"2019-01-07 09:28:34",81.32,22.60,,,,
"2019-01-06 11:41:55",81.36,,,,,
"2019-01-05 08:58:24",80.55,18.62,,,,
"2019-01-04 10:28:19",80.57,22.57,,,,
"2019-01-03 09:05:10",81.57,21.91,,,,
"2019-01-02 08:43:14",82.88,22.50,,,,
"2018-12-27 09:10:19",79.40,21.80,,,,
"2018-12-26 11:27:32",79.68,22.07,,,,
"2018-12-24 08:45:01",78.86,22.04,,,,
"2018-12-23 09:37:59",79.32,21.36,,,,
"2018-12-22 09:29:24",78.62,21.07,,,,
"2018-12-21 10:56:36",78.14,20.94,,,,
"2018-12-20 10:19:26",78.37,21.00,,,,
"2018-12-19 08:52:13",78.92,20.80,,,,
"2018-12-18 10:47:36",79.30,21.27,,,,
"2018-12-17 08:45:40",79.05,21.75,,,,
"2018-12-16 10:03:05",78.96,20.88,,,,
"2018-12-15 11:33:52",78.68,21.29,,,,
"2018-12-14 09:59:38",78.84,21.98,,,,
"2018-12-13 09:06:41",79.45,21.93,,,,
"2018-12-12 22:56:52",79.00,,,,,
"2018-12-12 09:43:27",79.62,22.25,,,,
"2018-12-11 08:39:17",80.23,21.88,,,,
"2018-12-10 08:29:42",81.81,21.32,,,,
"2018-12-09 22:37:37",82.88,19.32,,,,
"2018-12-02 04:35:21",79.27,22.78,,,,
"2018-12-01 10:46:13",78.78,21.57,,,,
"2018-11-30 06:04:51",79.67,23.18,,,,
"2018-11-29 09:07:16",79.76,22.42,,,,
"2018-11-28 07:52:16",80.75,22.95,,,,
"2018-11-27 09:44:57",80.60,22.72,,,,
"2018-11-26 09:03:07",80.69,23.05,,,,
"2018-11-25 10:07:55",80.38,23.26,,,,
"2018-11-24 09:56:41",80.93,23.37,,,,
"2018-11-23 09:02:18",81.01,23.11,,,,
"2018-11-22 08:35:02",81.02,23.67,,,,
"2018-11-21 10:01:55",81.20,22.30,,,,
"2018-11-16 09:17:13",82.20,24.66,,,,
"2018-11-15 18:35:00",82.08,24.98,,,,
"2018-11-14 08:40:36",83.60,25.40,,,,
"2018-11-13 09:10:41",83.16,24.46,,,,
"2018-11-12 09:25:37",83.11,23.52,,,,
"2018-11-09 10:16:21",83.97,25.28,,,,
"2018-11-06 08:04:17",83.63,25.57,,,,
"2018-11-05 09:24:53",84.87,25.62,,,,
"2018-11-02 08:32:28",83.56,25.12,,,,
"2018-11-01 15:02:09",83.94,25.68,,,,
"2018-10-24 09:31:16",82.31,23.55,,,,
"2018-10-19 08:04:52",80.68,23.37,,,,
"2018-10-18 07:49:36",81.37,,,,,
"2018-10-17 08:03:40",82.03,24.04,,,,
"2018-10-16 08:12:38",82.38,24.56,,,,
"2018-10-15 17:40:48",82.43,23.16,,,,
"2018-10-14 21:14:15",83.57,24.22,,,,
"2018-10-07 09:57:32",83.36,24.86,,,,
"2018-09-22 12:33:37",81.52,21.10,,,,
"2018-09-21 08:53:42",82.46,23.77,,,,
"2018-09-19 07:37:23",82.98,24.27,,,,
"2018-09-14 07:17:29",83.17,23.75,,,,
"2018-09-13 08:41:45",82.77,23.28,,,,
"2018-09-12 09:15:19",82.02,23.49,,,,
"2018-09-11 10:06:29",82.30,23.61,,,,
"2018-09-08 08:29:38",84.13,23.49,,,,
"2018-09-03 08:48:19",82.38,23.28,,,,
"2018-08-31 09:24:47",81.11,23.22,,,,
"2018-08-30 08:44:03",80.94,23.32,,,,
"2018-08-29 17:49:37",80.25,19.84,,,,
"2018-08-28 19:07:33",81.42,20.18,,,,
"2018-08-27 09:29:56",81.85,23.22,,,,
"2018-08-25 08:50:54",82.21,23.34,,,,
"2018-08-24 10:34:01",82.09,22.83,,,,
"2018-08-23 10:00:00",80.93,22.41,,,,
"2018-08-22 08:29:01",81.36,22.47,,,,
"2018-08-20 08:45:27",82.88,22.64,,,,
"2018-08-13 08:30:25",81.94,22.29,,,,
"2018-08-12 11:04:33",79.92,21.64,,,,
"2018-08-11 09:42:44",79.98,22.35,,,,
"2018-08-10 08:21:17",79.90,22.44,,,,
"2018-08-08 08:29:37",80.06,22.71,,,,
"2018-08-07 07:46:11",80.93,23.13,,,,
"2018-08-01 08:53:26",81.00,22.85,,,,
"2018-07-28 09:35:12",80.33,22.10,,,,
"2018-07-26 08:44:38",79.37,22.25,,,,
"2018-07-21 08:21:39",80.13,21.70,,,,
"2018-07-20 08:05:23",79.22,21.90,,,,
"2018-07-16 08:45:53",80.87,21.79,,,,
"2018-07-16 08:19:13",81.17,21.89,,,,
"2018-07-15 09:25:06",80.36,21.75,,,,
"2018-07-14 09:00:50",78.42,21.27,,,,
"2018-07-14 08:36:40",78.50,21.42,,,,
"2018-07-13 07:52:21",78.90,21.17,,,,
"2018-07-12 08:45:36",79.33,,,,,
"2018-07-11 09:04:49",78.55,21.12,,,,
"2018-07-10 16:20:32",78.99,20.32,,,,
"2018-07-10 09:14:37",79.55,22.06,,,,
"2018-07-09 08:36:53",79.67,21.97,,,,
"2018-07-08 10:16:51",80.05,22.04,,,,
"2018-07-07 09:19:11",79.70,21.88,,,,
"2018-07-06 08:08:32",79.72,22.74,,,,
"2018-07-05 08:30:53",80.51,22.47,,,,
"2018-07-04 08:50:27",81.23,22.46,,,,
"2018-07-03 09:40:22",80.74,19.44,,,,
"2018-07-01 14:44:48",80.23,22.13,,,,
"2018-06-30 14:52:08",80.17,,,,,
"2018-06-29 06:59:53",80.87,23.35,,,,
"2018-06-27 08:39:18",81.86,,,,,
"2018-06-26 09:40:48",82.38,24.16,,,,
"2018-05-26 09:11:46",80.23,21.70,,,,
"2018-05-25 08:02:26",79.88,21.54,,,,
"2018-05-24 08:12:30",79.93,21.22,,,,
"2018-05-23 07:34:39",80.01,21.91,,,,
"2018-05-20 09:08:34",80.78,,,,,
"2018-05-19 09:35:47",81.78,23.17,,,,
"2018-05-17 08:25:25",80.48,22.18,,,,
"2018-05-16 09:41:47",79.61,22.02,,,,
"2018-05-15 08:50:34",80.22,22.72,,,,
"2018-05-14 08:34:52",81.07,22.98,,,,
"2018-05-13 09:39:38",81.15,22.58,,,,
"2018-05-12 09:35:26",80.02,22.69,,,,
"2018-05-11 09:12:17",81.34,22.41,,,,
"2018-05-09 08:06:51",81.27,22.78,,,,
"2018-05-08 08:39:01",81.46,22.61,,,,
"2018-05-05 09:12:34",81.39,22.94,,,,
"2018-04-29 15:46:05",80.96,22.88,,,,
"2018-04-27 08:43:53",79.63,,,,,
"2018-04-26 08:43:07",79.78,22.33,,,,
"2018-04-25 18:58:28",80.19,20.79,,,,
"2018-04-24 08:12:25",80.81,22.69,,,,
"2018-04-16 04:43:38",80.62,22.38,,,,
"2018-04-15 10:42:04",79.98,21.34,,,,
"2018-04-14 10:14:00",79.64,22.16,,,,
"2018-04-13 09:25:31",79.01,20.58,,,,
"2018-04-12 09:44:10",79.25,21.39,,,,
"2018-04-11 08:17:18",79.85,21.91,,,,
"2018-04-10 10:50:38",80.49,21.63,,,,
"2018-04-09 10:08:21",81.95,21.91,,,,
"2018-04-07 10:44:25",79.88,21.89,,,,
"2018-04-06 09:02:57",80.71,22.21,,,,
"2018-04-05 09:21:36",80.75,22.25,,,,
"2018-04-04 10:12:23",80.99,22.47,,,,
"2018-04-03 17:26:16",81.93,20.91,,,,
"2018-03-03 09:58:35",79.06,21.05,,,,
"2018-02-16 09:02:30",77.45,20.55,,,,
"2018-02-09 10:19:13",78.28,20.41,,,,
"2018-02-08 08:58:13",78.24,20.41,,,,
"2018-01-25 09:16:04",76.28,18.98,,,,
"2018-01-24 09:11:16",76.76,19.30,,,,
"2018-01-21 09:17:26",77.16,19.95,,,,
"2018-01-09 10:24:11",76.56,18.87,,,,
"2017-11-15 11:35:20",71.63,14.98,,,,
"2017-11-12 10:29:19",72.77,15.19,,,,
"2017-11-02 08:21:02",71.46,14.68,,,,
"2017-11-01 08:23:46",71.79,14.80,,,,
"2017-10-31 08:48:14",72.33,14.75,,,,
"2017-10-28 12:39:31",71.24,14.80,,,,
"2017-10-26 12:08:34",71.87,14.34,,,,
"2017-10-25 09:22:24",70.83,14.39,,,,
"2017-10-24 09:15:31",72.11,14.92,,,,
"2017-10-23 07:43:52",73.26,,,,,
"2017-10-22 09:32:44",72.64,14.58,,,,
"2017-10-21 10:37:29",70.66,13.60,,,,
"2017-10-20 07:56:06",71.93,,,,,
"2017-10-19 09:14:08",70.87,14.02,,,,
"2017-10-18 07:33:57",70.80,14.05,,,,
"2017-10-17 08:01:47",71.10,14.34,,,,
"2017-10-16 08:12:05",72.13,14.37,,,,
"2017-10-15 09:11:00",72.67,14.66,,,,
"2017-10-14 08:48:14",70.70,14.10,,,,
"2017-10-13 07:44:38",70.71,14.11,,,,
"2017-10-12 07:30:59",70.41,14.34,,,,
"2017-10-11 07:25:32",70.83,14.28,,,,
"2017-10-10 08:36:05",71.12,14.49,,,,
"2017-10-09 07:39:31",71.70,14.92,,,,
"2017-10-08 08:59:37",71.34,14.50,,,,
"2017-10-07 07:49:55",71.22,14.54,,,,
"2017-10-06 08:25:49",71.43,14.84,,,,
"2017-10-05 08:24:40",71.81,15.15,,,,
"2017-10-04 08:17:05",71.33,14.92,,,,
"2017-10-03 09:22:51",71.97,15.51,,,,
"2017-10-02 09:04:09",72.91,15.52,,,,
"2017-10-01 10:04:15",72.51,15.46,,,,
"2017-09-30 07:45:24",72.44,15.98,,,,
"2017-09-29 09:09:46",72.88,14.20,,,,
"2017-09-28 09:20:44",73.57,16.02,,,,
"2017-09-27 07:55:35",74.25,16.17,,,,
"2017-09-26 07:16:01",75.30,,,,,
"2017-09-22 06:05:36",71.70,14.97,,,,
"2017-09-21 06:06:22",71.59,15.35,,,,
"2017-09-20 07:57:20",71.85,15.40,,,,
"2017-09-19 08:25:31",71.74,,,,,
"2017-09-18 08:43:45",72.53,15.53,,,,
"2017-09-17 10:05:27",72.38,15.75,,,,
"2017-09-15 09:47:43",72.16,15.74,,,,
"2017-09-14 07:52:43",72.33,15.40,,,,
"2017-09-13 08:10:15",72.37,15.63,,,,
"2017-09-12 07:45:37",72.67,15.79,,,,
"2017-09-11 06:21:47",73.08,,,,,
"2017-09-10 09:53:21",72.68,16.26,,,,
"2017-09-09 08:12:57",72.79,16.41,,,,
"2017-09-08 08:31:00",72.64,16.46,,,,
"2017-09-07 07:48:07",73.60,16.96,,,,
"2017-09-06 08:03:08",73.67,17.20,,,,
"2017-09-05 08:25:47",73.93,17.06,,,,
"2017-09-04 07:47:22",73.85,17.48,,,,
"2017-09-03 10:14:21",74.00,17.52,,,,
"2017-09-01 07:59:16",75.16,17.96,,,,
"2017-08-23 07:40:18",74.35,17.29,,,,
"2017-08-22 08:30:33",74.93,17.62,,,,
"2017-08-21 07:40:36",74.99,17.54,,,,
"2017-08-19 07:54:26",73.37,16.88,,,,
"2017-08-18 08:01:51",73.84,17.07,,,,
"2017-08-17 07:09:00",74.13,17.44,,,,
"2017-08-16 07:09:24",74.19,17.49,,,,
"2017-08-15 07:35:31",74.88,17.65,,,,
"2017-08-14 07:38:34",75.71,17.96,,,,
"2017-08-13 08:49:38",75.43,17.62,,,,
"2017-08-12 08:18:40",74.47,17.90,,,,
"2017-08-11 08:12:03",74.43,17.96,,,,
"2017-08-10 07:24:54",75.36,17.86,,,,
"2017-08-09 07:30:21",75.79,17.79,,,,
"2017-08-08 08:45:06",75.24,18.05,,,,
"2017-08-07 07:34:07",76.11,18.26,,,,
"2017-08-06 09:10:33",76.76,18.26,,,,
"2017-08-05 09:37:41",75.55,18.25,,,,
"2017-08-04 07:49:57",75.76,18.54,,,,
"2017-08-03 08:21:22",75.98,18.60,,,,
"2017-08-02 08:34:04",75.97,18.86,,,,
"2017-08-01 09:07:08",76.29,19.11,,,,
"2017-07-31 07:33:03",76.84,19.40,,,,
"2017-07-29 07:42:48",75.97,19.10,,,,
"2017-07-28 08:03:16",76.50,19.48,,,,
"2017-07-27 09:25:08",76.63,19.70,,,,
"2017-07-26 08:14:46",77.27,19.53,,,,
"2017-07-25 09:52:20",77.00,19.89,,,,
"2017-07-24 07:50:05",77.67,20.25,,,,
"2017-07-23 09:18:59",77.55,20.00,,,,
"2017-07-22 08:11:01",78.34,20.94,,,,
"2017-07-21 07:29:35",78.13,20.97,,,,
"2017-07-20 08:43:12",78.37,20.82,,,,
"2017-07-19 07:42:01",78.77,20.96,,,,
"2017-07-18 08:02:38",78.74,21.31,,,,
"2017-07-17 09:23:25",78.84,21.68,,,,
"2017-07-16 13:59:31",79.21,21.88,,,,
"2017-07-15 08:45:19",79.60,22.12,,,,
"2017-07-14 08:23:52",79.69,22.25,,,,
"2017-07-13 08:23:46",80.33,22.70,,,,
"2017-07-12 08:17:19",80.20,22.29,,,,
"2017-07-11 07:59:43",79.77,22.36,,,,
"2017-07-10 07:33:37",80.29,22.58,,,,
"2017-07-09 04:40:58",80.62,22.97,,,,
"2017-07-08 09:26:31",80.83,22.62,,,,
"2017-07-07 08:39:41",81.26,23.46,,,,
"2017-07-06 08:48:38",81.54,23.51,,,,
"2017-07-05 07:20:50",82.11,24.15,,,,
"2017-07-04 08:11:37",82.47,24.64,,,,
"2017-07-03 07:50:53",82.65,24.64,,,,
"2017-07-02 11:09:33",84.06,24.74,,,,
"2017-07-01 13:00:20",84.17,24.41,,,,
"2017-06-28 08:20:55",82.43,24.06,,,,
"2017-06-27 08:47:15",82.83,24.12,,,,
"2017-06-26 08:16:15",82.68,24.21,,,,
"2017-06-25 08:45:41",82.86,24.84,,,,
"2017-06-24 08:21:32",82.80,25.11,,,,
"2017-06-23 07:28:57",83.35,25.29,,,,
"2017-06-22 08:10:01",83.93,20.16,,,,
"2017-06-21 07:12:47",84.25,25.80,,,,
"2017-06-20 07:28:27",84.78,26.17,,,,
"2017-06-19 21:09:31",86.56,,,,,
"2017-06-19 07:22:38",86.60,25.79,,,,
"2017-06-11 10:20:03",87.19,,,,,
"2017-06-08 08:34:15",84.39,25.74,,,,
"2017-06-07 07:52:34",85.46,26.14,,,,
"2017-06-06 08:32:07",85.24,25.02,,,,
"2017-06-03 10:48:52",84.95,,,,,
"2017-05-28 11:15:00",86.21,,,,,
"2017-05-25 08:57:36",85.40,,,,,
"2017-04-25 08:22:12",83.04,23.62,,,,
"2017-04-24 08:25:58",83.50,24.71,,,,
"2017-04-21 08:29:13",81.36,23.45,,,,
"2017-04-20 08:12:27",82.25,23.87,,,,
"2017-04-19 08:10:28",82.48,24.40,,,,
"2017-04-18 08:15:52",84.10,,,,,
"2017-03-19 09:30:25",82.17,22.17,,,,
"2017-03-13 08:54:28",81.86,,,,,
"2017-02-06 07:29:39",82.00,,,,,
"2017-02-04 11:44:16",80.33,,,,,
"2017-02-02 09:35:24",79.79,,,,,
"2017-02-01 09:52:20",80.17,,,,,
"2017-01-28 09:34:17",79.36,21.13,,,,
"2017-01-27 09:36:37",79.33,21.39,,,,
"2017-01-26 07:52:43",79.51,,,,,
"2017-01-25 07:53:57",79.53,,,,,
"2017-01-24 07:35:12",80.15,22.23,,,,
"2017-01-23 08:11:46",80.90,22.73,,,,
"2017-01-22 19:57:32",81.51,23.61,,,,
"2017-01-21 09:12:53",79.99,22.12,,,,
"2017-01-21 09:12:23",80.20,,,,,
"2017-01-20 08:54:10",80.38,22.23,,,,
"2017-01-19 18:59:29",80.75,21.02,,,,
"2017-01-18 10:25:20",80.97,23.26,,,,
"2017-01-17 10:59:35",82.39,23.21,,,,
"2017-01-16 17:42:00",82.39,20.82,,,,
"2017-01-15 10:28:10",82.51,23.68,,,,
"2017-01-14 09:46:03",81.45,,,,,
"2016-12-28 21:34:59",81.74,22.03,,,,
"2016-12-21 09:58:17",79.28,,,,,
"2016-11-30 09:01:39",78.87,21.10,,,,
"2016-10-14 18:42:06",77.46,,,,,
"2016-10-12 22:12:18",78.26,19.61,,,,
"2016-09-25 11:13:20",76.87,19.05,,,,
"2016-09-24 11:28:15",76.96,18.71,,,,
"2016-08-11 16:28:21",71.71,14.72,,,,
"2016-08-10 07:35:11",72.89,15.31,,,,
"2016-08-04 07:33:26",72.79,15.91,,,,
"2016-07-31 09:50:11",73.09,,,,,
"2016-07-13 09:23:39",72.71,15.08,,,,
"2016-07-07 07:27:15",71.50,14.59,,,,
"2016-07-06 09:00:34",71.69,14.83,,,,
"2016-07-02 08:04:55",71.70,14.20,,,,
"2016-06-27 07:30:37",72.56,14.99,,,,
"2016-06-24 07:50:14",71.35,13.93,,,,
"2016-06-23 07:32:01",71.14,14.41,,,,
"2016-06-22 07:37:51",71.51,14.13,,,,
"2016-06-21 08:08:06",71.34,14.46,,,,
"2016-06-20 07:56:48",72.89,14.89,,,,
"2016-06-19 09:59:17",73.52,,,,,
"2016-06-12 09:50:04",69.77,,,,,
"2016-06-07 07:51:10",69.13,,,,,
"2016-06-03 07:44:01",68.84,12.37,,,,
"2016-06-01 07:10:42",69.20,12.39,,,,
"2016-05-28 07:56:50",67.92,11.64,,,,
"2016-05-27 07:58:31",67.52,11.55,,,,
"2016-05-25 07:11:51",67.96,12.01,,,,
"2016-05-24 07:35:32",68.32,12.00,,,,
"2016-05-23 07:23:17",69.35,12.23,,,,
"2016-05-21 08:21:32",67.28,11.68,,,,
"2016-05-20 07:40:38",68.52,,,,,
"2016-05-19 08:22:31",69.20,,,,,
"2016-05-17 07:40:16",71.13,13.00,,,,
"2016-05-16 11:53:57",69.94,12.81,,,,
"2016-05-15 09:27:34",69.41,12.32,,,,
"2016-05-14 08:25:58",68.25,,,,,
"2016-05-13 08:01:15",68.89,12.06,,,,
"2016-05-11 07:23:00",68.07,11.91,,,,
"2016-05-10 08:03:03",68.78,12.11,,,,
"2016-05-09 07:58:43",69.27,11.86,,,,
"2016-05-08 08:25:13",67.72,11.61,,,,
"2016-05-07 06:44:20",67.62,,,,,
"2016-05-06 07:51:35",69.00,12.12,,,,
"2016-05-05 08:56:36",67.83,11.93,,,,
"2016-05-04 07:32:42",68.90,12.26,,,,
"2016-05-03 07:54:07",68.49,11.82,,,,
"2016-05-02 08:13:16",69.36,12.17,,,,
"2016-05-01 18:32:13",68.49,12.10,,,,
"2016-04-29 07:46:01",67.87,11.74,,,,
"2016-04-28 18:06:06",67.11,10.01,,,,
"2016-04-27 07:55:39",67.52,11.26,,,,
"2016-04-26 07:31:10",67.60,11.56,,,,
"2016-04-25 07:34:48",69.36,11.58,,,,
"2016-04-18 13:53:14",67.30,9.26,,,,
"2016-04-18 07:30:30",68.87,10.46,,,,
"2016-04-17 23:39:05",69.37,8.91,,,,
"2016-04-14 08:08:30",65.93,10.05,,,,
"2016-04-13 08:50:27",65.44,9.42,,,,
"2016-04-12 07:43:42",64.56,9.19,,,,
"2016-04-11 15:44:16",64.95,8.54,,,,
"2016-04-11 07:04:40",66.71,10.05,,,,
"2016-04-10 10:47:52",64.22,8.91,,,,
"2016-04-09 07:43:09",64.25,9.09,,,,
"2016-04-08 07:46:40",63.38,8.76,,,,
"2016-04-07 07:50:35",63.88,9.05,,,,
"2016-04-06 07:59:06",64.00,9.08,,,,
"2016-04-05 08:03:48",64.79,9.49,,,,
"2016-04-04 08:02:07",64.20,9.28,,,,
"2016-04-03 09:28:04",64.90,9.54,,,,
"2016-04-02 07:56:21",65.21,9.86,,,,
"2016-04-01 07:43:18",65.84,10.26,,,,
"2016-03-31 09:07:41",66.23,10.45,,,,
"2016-03-30 19:29:30",66.23,10.05,,,,
"2016-03-29 19:37:13",66.87,10.61,,,,
"2016-03-29 07:56:45",67.73,11.14,,,,
"2016-03-28 21:27:38",67.49,10.69,,,,
"2016-03-28 10:16:33",66.80,10.63,,,,
"2016-03-27 08:56:27",65.25,9.87,,,,
"2016-03-26 20:43:11",65.13,9.25,,,,
"2016-03-26 07:35:45",65.63,9.78,,,,
"2016-03-25 08:00:15",65.21,10.09,,,,
"2016-03-24 21:09:53",65.17,10.01,,,,(null)
"2016-03-24 07:12:14",65.70,10.18,,,,(null)
"2016-03-23 21:23:03",66.55,10.51,,,,
"2016-03-23 17:32:44",66.20,10.23,,,,
"2016-03-23 17:32:25",66.10,,,,,
"2016-03-23 17:27:32",66.18,9.47,,,,
"2016-03-23 17:05:32",66.06,10.22,,,,
"2016-03-23 16:04:40",65.72,9.77,,,,
"2016-03-23 15:28:48",65.82,9.91,,,,
"2016-03-23 15:27:54",65.92,10.06,,,,
"2016-03-23 15:25:35",65.80,9.86,,,,
