Datum,Body Fat %,Fitbit body fat %,Fitbit steps,Fitbit tracked sleep minutes,Gewicht
2020-08-23,,,,,75.0
2020-08-24,21.58,,1088.0,339.0,74.1
2020-08-25,21.0,,,,73.1
2020-08-26,21.57,,,,72.9
2020-08-27,21.39,,,,72.7
2020-08-28,19.89,,,,72.6
2020-08-29,19.07,,,,72.3
2020-08-30,19.9,,,,72.4
2020-08-31,19.67,,,,71.8
2020-09-01,19.19,,,,71.9
2020-09-02,18.03,,,,71.4
2020-09-03,19.4,,,,71.6
2020-09-04,19.15,,,,71.3
2020-09-05,18.33,,,,71.8
2020-09-06,18.51,,,,72.3
2020-09-07,19.62,,,,74.8
2020-09-08,19.33,,,,72.8
2020-09-09,19.17,,,,72.2
2020-09-10,19.07,,,,71.8
2020-09-11,18.81,,,,71.9
2020-09-12,18.84,,,,71.3
2020-09-13,18.64,18.6,9382.0,,70.9
2020-09-14,18.16,,,,70.9
2020-09-15,18.47,,,,70.4
2020-09-16,18.87,,,,71.6
2020-09-17,18.71,,,,71.2
2020-09-18,18.66,,,,71.0
2020-09-19,18.99,,,,72.1
2020-09-20,16.76,,,,73.9
2020-09-21,17.88,,,,73.4
2020-09-22,19.47,,,,72.9
2020-09-23,19.43,,,,72.5
2020-09-24,18.64,,,,72.3
2020-09-25,18.73,,,,72.0
2020-09-26,18.49,,,,74.0
2020-09-28,19.42,,,,72.3
2020-09-29,19.29,,,,72.7
2020-09-30,18.78,,,,71.5
2020-10-01,11.51,,,,71.6
2020-10-02,19.23,,,,72.4
2020-10-03,18.06,,,,71.7
2020-10-17,17.18,,,,74.7
2020-10-19,18.23,,,,74.9
2020-10-20,19.85,,,,73.8
2020-10-21,20.27,,,,73.3
2020-10-22,20.15,,,,72.4
2020-10-23,19.62,,,,71.4
2020-10-24,19.25,,,,72.0
2020-10-25,19.89,,,,71.2
2020-10-26,19.39,,,,71.0
2020-10-27,18.9,,,,72.1
2020-10-28,19.06,,,,71.2
2020-10-29,19.14,,,,71.9
2020-10-30,18.46,,,,72.2
2020-10-31,17.3,,,,72.8
2020-11-02,18.9,,,,73.1
2020-11-03,18.7,,,,73.4
2020-11-04,18.33,,,,74.0
2020-11-05,18.9,,,,73.7
2020-11-06,18.61,,,,73.2
2020-11-07,19.25,,,,73.7
2020-11-08,18.88,,,,74.3
2020-11-09,19.2,,,,75.8
2020-11-10,19.19,,,,74.7
2020-11-11,19.51,,,,74.4
2020-11-12,20.36,,,,73.7
2020-11-13,19.92,,,,74.8
2020-11-14,19.33,,,,74.6
2020-11-16,,,,,75.0
2020-11-17,20.5,,,,73.8
2020-11-19,19.64,,,,73.8
2020-11-26,20.08,,,,74.5
2020-12-08,20.4,,,,77.1
2020-12-09,21.66,,,,76.0
2020-12-14,22.18,,,,78.3
2020-12-15,20.27,,,,77.6
2020-12-20,,,,,78.9
2021-01-13,24.13,,,,80.8
2021-01-23,,,,,79.8
2021-01-25,,,,,80.9
2021-01-26,,,,,83.0
2021-02-17,25.27,,,,83.7
2021-02-18,23.82,,,,83.9
2021-02-19,26.68,,,,84.4
2021-02-20,26.53,,,,82.2
2021-02-24,26.03,,,,84.4
2021-02-25,26.34,,,,83.6
2021-02-27,26.77,,,,83.2
2021-02-28,26.48,,,,84.4
2021-03-02,26.27,,,,82.6
2021-03-03,26.46,,,,82.6
2021-03-04,26.38,,,,81.6
2021-03-06,23.18,,,,81.6
2021-03-07,24.55,,,,82.0
2021-03-13,26.22,,,,80.7
2021-03-16,26.12,,,,81.4
2021-03-19,25.57,,,,80.7
2021-03-22,24.61,,,,80.8
2021-03-23,24.78,,,,80.4
2021-03-24,25.72,,,,80.3
2021-03-25,26.33,,,,79.8
2021-03-26,24.97,,,,78.9
2021-03-27,,,,,78.7
2021-04-03,,,,,77.8
2021-04-04,,,,,80.0
2021-04-05,,,,,79.2
2021-05-20,26.51,,,,87.8
2021-05-21,28.15,,,,87.3
2021-05-22,26.16,,,,88.5
2021-05-23,29.56,,,,87.9
2021-05-24,29.5,,,,87.3
2021-05-26,30.38,,,,87.2
2021-05-27,31.04,,,,86.4
2021-05-31,29.68,,,,88.9
2021-06-03,29.16,,,,88.1
2021-06-04,28.33,,,,88.2
2021-06-08,28.81,,,,87.6
2021-06-09,29.61,,,,86.4
2021-06-10,29.24,,,,85.8
2021-06-11,27.92,,,,86.8
2021-06-19,27.27,,,,87.6
2021-06-22,31.47,,,,86.9
2021-06-23,31.54,,,,85.9
2021-06-24,31.21,,,,86.7
2021-06-25,29.8,,,,86.0
2021-07-17,29.81,,,,91.1
2021-07-21,31.95,,,,89.9
2021-07-28,27.26,,,,89.0
2021-08-07,26.23,,,,88.2
2021-08-10,26.23,,,,88.2
2021-08-11,27.66,,,,87.8
2021-08-18,27.35,,,,87.5
2021-08-19,28.54,,,,87.5
2021-08-20,30.44,,,,87.8
2021-08-21,29.75,,,,87.0
2021-08-29,,,,,88.9
2021-09-03,30.66,,,,88.7
2021-09-10,28.71,,,,88.0
2021-09-14,25.07,,,,88.3
2021-09-15,,,,,89.0
2021-10-13,,,,,83.4
2021-10-23,26.46,,,,83.3
2021-11-02,,,,,84.4
2021-11-03,,,,,83.3
2021-11-17,,,,,82.2
2021-12-13,23.71,,,,82.7
2021-12-27,,,,,83.6
2022-01-02,,,,,94.3
2022-01-07,,,,,92.7
2022-01-14,,,,,91.8
2022-01-21,,,,,91.9
2022-01-28,,,,,89.7
2022-02-04,,,,,90.5
2022-02-11,,,,,90.0
2022-02-18,,,,,87.2
2022-02-25,,,,,89.4
2022-03-25,,,,,90.8
2022-03-26,,,,,89.4
2022-03-27,,,,,89.9
2022-06-08,,,,,96.0
2022-06-09,,,,,95.1
2022-06-10,,,,,94.7
2022-06-11,,,,,93.8
2022-06-12,,,,,93.9
2022-06-13,,,,,95.0
2022-06-14,,,,,94.2
2022-06-15,,,,,93.5
2022-06-16,,,,,93.4
2022-06-17,,,,,93.3
2022-06-18,,,,,93.2
2022-06-19,,,,,95.5
2022-06-20,,,,,96.0
2022-06-21,,,,,94.7
2022-06-22,,,,,93.6
2022-06-23,,,,,93.3
2022-06-24,,,,,93.1
2022-06-25,,,,,92.1
2022-06-26,,,,,93.0
2022-06-27,,,,,93.6
2022-06-28,,,,,92.9
2022-06-29,,,,,93.1
2022-06-30,,,,,92.3
2022-07-01,,,,,92.2
2022-07-02,,,,,92.5
2022-07-03,,,,,93.6
2022-07-04,,,,,94.5
2022-07-05,,,,,93.3
2022-07-06,,,,,92.7
2022-07-17,,,,,93.6
2022-07-19,,,,,93.3
2022-07-20,,,,,93.6
2022-07-21,,,,,92.5
2022-07-22,,,,,93.3
2022-07-23,,,,,93.9
2022-07-24,,,,,93.2
2022-07-25,,,,,92.9
2022-07-26,,,,,92.4
2022-07-27,,,,,91.6
2022-07-28,,,,,91.7
2022-07-29,,,,,92.3
2022-07-30,,,,,91.9
2022-07-31,,,,,92.7
2022-08-01,,,,,93.3
2022-08-02,,,,,92.6
2022-08-03,,,,,92.8
2022-08-04,,,,,92.2
2022-08-05,,,,,93.2
2022-08-06,,,,,91.9
2022-08-07,,,,,92.7
2022-08-08,,,,,94.2
2022-08-09,,,,,92.5
2022-08-10,,,,,91.6
2022-08-11,,,,,92.3
2022-08-12,,,,,91.1
2022-08-13,,,,,92.4
2022-08-14,,,,,92.0
2022-08-15,,,,,93.9
2022-08-16,,,,,92.0
2022-08-17,,,,,91.6
2022-08-18,,,,,91.2
2022-08-19,,,,,90.6
2022-08-20,,,,,91.3
2022-08-27,,,,,93.8
2022-08-28,,,,,93.3
2022-08-30,,,,,91.6
2022-08-31,,,,,90.1
2022-09-01,,,,,91.7
2022-09-06,,,,,91.6
2022-09-07,,,,,91.0
2022-09-08,,,,,91.3
2022-09-09,,,,,91.0
2022-09-12,,,,,92.6
2022-09-13,,,,,92.8
2022-09-14,,,,,91.9
2022-09-15,,,,,92.3
2022-09-16,,,,,92.4
2022-09-17,,,,,92.6
2022-09-18,,,,,92.5
2022-09-22,,,,,92.4
2022-10-12,,,,,92.3
2022-10-13,,,,,92.4
2022-10-19,,,,,92.8
2022-10-20,,,,,92.6
2022-10-22,,,,,93.0
2022-10-25,,,,,93.4
2022-10-27,,,,,93.6
2022-10-28,,,,,93.1
2022-10-29,,,,,94.2
2022-11-01,,,,,94.3
2023-03-13,,,,,93.0
2023-03-21,33.42,,,,93.5
2023-03-26,31.26,,,,91.5
2023-03-28,30.17,,,,91.9
2023-03-29,31.95,,,,91.0
2023-03-30,32.06,,,,90.3
2023-03-31,32.33,,,,90.0
2023-04-01,31.79,,,,89.0
2023-04-02,30.29,,,,89.6
2023-04-15,30.18,,,,89.8
2023-04-21,32.97,,,,90.1
2023-05-04,30.48,,,,92.1
2023-05-05,30.84,,,,91.1
2023-05-09,28.43,,,,90.6
2023-05-10,31.31,,,,91.3
2023-05-11,31.55,,,,91.1
2023-05-17,33.1,,,,90.1
2023-05-23,31.3,,,,92.7
2023-05-24,32.19,,,,91.3
2023-05-25,32.32,,,,90.9
2023-05-26,31.51,,,,90.8
2023-05-27,30.47,,,,91.2
2023-06-01,31.63,,,,91.7
2023-06-02,32.52,,,,91.2
2023-06-06,32.62,,,,91.7
2023-06-07,29.46,,,,90.9
2023-06-08,33.76,,,,90.4
2023-06-10,31.66,,,,91.1
2023-06-13,31.02,,,,91.8
2023-06-15,31.41,,,,90.3
2023-06-16,31.87,,,,89.6
2023-06-19,33.97,,,,89.3
2023-06-20,32.49,,,,88.8
2023-06-23,28.77,,,,89.7
2023-06-29,31.01,,,,88.5
2023-07-03,30.51,,,,90.3
2023-07-06,30.61,,,,89.4
2023-07-07,30.86,,,,89.9
2023-07-09,28.49,,,,91.7
2023-07-20,30.24,,,,91.0
2023-07-21,31.94,,,,90.5
2023-07-25,32.47,,,,91.0
2023-07-27,31.68,,,,90.2
2023-07-31,30.87,,,,90.5
2023-08-02,32.07,,,,90.7
2023-08-04,32.44,,,,89.2
2023-08-05,31.73,,,,91.2
2023-08-07,30.32,,,,89.1
2023-08-08,31.63,,,,88.6
2023-08-09,31.81,,,,88.3
2023-08-10,32.29,,,,88.3
2023-08-11,30.54,,,,88.4
2023-08-14,28.89,,,,90.3
2023-08-15,30.31,,,,89.6
2023-08-17,30.69,,,,89.1
2023-08-18,30.56,,,,88.8
2023-08-26,24.88,,,,93.6
2023-08-27,29.21,,,,92.6
2023-08-29,31.72,,,,91.4
2023-08-31,32.82,,,,90.9
2023-09-01,33.19,,,,90.6
2023-09-19,27.88,,,,88.2
2023-09-30,29.71,,,,89.1
2023-10-05,29.58,,,,88.9
2023-10-08,29.07,,,,89.2
2023-10-12,30.4,,,,87.8
2023-10-19,29.51,,,,87.8
2023-10-22,21.24,,,,89.3
2023-12-05,21.18,,,,92.2
2024-01-03,20.41,,,,91.6
2024-01-09,22.83,,,,91.0
2024-01-12,22.29,,,,90.5
2024-01-14,21.13,,,,91.5
2024-01-17,20.84,,,,91.3
2024-01-19,30.37,,,,90.4
2024-01-21,29.54,,,,91.5
2024-01-22,29.25,,,,91.2
2024-01-23,29.41,,,,91.2
2024-01-25,29.54,,,,90.6
2024-01-26,29.45,,,,90.4
2024-01-28,29.66,,,,90.3
2024-01-29,29.91,,,,89.5
2024-01-30,29.6,,,,89.6
2024-01-31,29.6,,,,88.9
2024-02-01,29.16,,,,89.2
2024-02-02,29.3,,,,89.4
2024-02-03,29.45,,,,88.3
2024-02-04,27.75,,,,89.3
2024-02-05,28.78,,,,89.2
2024-02-06,28.91,,,,88.7
2024-02-07,29.03,,,,88.3
2024-02-08,28.02,,,,88.5
2024-02-09,28.4,,,,87.8
2024-02-15,29.42,,,,89.4
2024-02-18,27.21,,,,89.9
2024-02-19,28.06,,,,89.5
2024-02-20,29.23,,,,87.9
2024-02-21,29.52,,,,88.5
2024-02-22,28.56,,,,88.6
2024-02-23,29.4,,,,87.3
2024-02-24,28.67,,,,87.5
2024-02-25,27.8,,,,87.2
2024-02-26,28.7,,,,86.6
2024-02-27,28.01,,,,87.1
2024-02-29,29.68,,,,87.4
2024-03-01,28.71,,,,87.2
2024-03-05,28.57,,,,87.4
2024-03-06,28.63,,,,85.5
2024-03-07,29.13,,,,86.8
2024-03-08,29.08,,,,86.7
2024-03-09,29.27,,,,86.4
2024-03-11,27.51,,,,87.2
2024-03-25,25.34,,,,90.9
2024-03-26,26.7,,,,90.5
2024-03-28,28.67,,,,88.1
2024-03-29,29.49,,,,87.9
2024-03-31,28.65,,,,88.1
2024-04-03,28.58,,,,88.7
2024-04-04,29.21,,,,88.1
2024-04-05,28.53,,,,88.2
2024-04-07,28.86,,,,87.4
2024-04-08,28.65,,,,87.2
2024-04-09,28.35,,,,87.2
2024-04-10,29.04,,,,87.6
2024-04-11,28.43,,,,87.0
2024-04-12,27.56,,,,87.2
2024-04-15,28.2,,,,88.3
2024-04-16,28.55,,,,87.3
2024-04-17,28.78,,,,86.6
2024-04-18,28.28,,,,86.7
2024-04-19,28.88,,,,86.3
2024-04-20,28.49,,,,86.2
2024-04-21,27.25,,,,86.8
2024-04-22,26.37,,,,87.9
2024-04-23,27.46,,,,87.0
2024-04-24,28.14,,,,86.2
2024-04-25,27.97,,,,86.2
2024-04-26,27.61,,,,85.5
2024-04-29,27.26,,,,87.8
2024-04-30,26.63,,,,87.4
2024-05-01,26.85,,,,87.6
2024-05-03,25.83,,,,88.3
2024-05-04,27.32,,,,87.4
2024-05-05,27.52,,,,86.2
2024-05-06,26.8,,,,86.8
2024-05-07,27.01,,,,86.7
2024-05-08,27.76,,,,87.0
2024-05-12,26.57,,,,88.7
2024-05-13,27.23,,,,88.9
2024-05-14,29.72,,,,87.2
2024-05-15,28.28,,,,87.0
2024-05-16,28.85,,,,86.6
2024-05-17,28.04,,,,86.4
2024-05-20,27.55,,,,88.4
2024-05-21,27.6,,,,88.4
2024-05-22,28.3,,,,87.0
2024-05-28,26.07,,,,87.3
2024-05-31,25.96,,,,87.0
2024-06-03,27.26,,,,88.6
2024-06-06,27.4,,,,86.1
2024-06-10,24.34,,,,90.2
2024-06-11,26.25,,,,88.6
2024-06-12,26.87,,,,87.6
2024-06-13,26.49,,,,87.4
2024-06-14,26.35,,,,87.4
2024-06-15,25.5,,,,86.5
2024-06-19,27.16,,,,87.1
2024-06-20,27.3,,,,86.4
2024-06-21,27.47,,,,86.0
2024-06-23,25.47,,,,89.1
2024-06-26,26.88,,,,87.3
2024-06-27,24.43,,,,88.4
2024-06-28,26.87,,,,88.0
2024-06-29,27.47,,,,86.7
2024-06-30,26.81,,,,88.2
2024-07-02,27.29,,,,87.6
2024-07-03,27.75,,,,87.3
2024-07-04,26.24,,,,87.3
2024-07-05,27.22,,,,86.3
2024-07-06,27.01,,,,86.2
2024-07-07,25.54,,,,88.5
2024-07-08,26.65,,,,88.5
2024-07-09,27.11,,,,88.7
2024-07-17,24.8,,,,89.0
2024-07-18,26.92,,,,87.9
2024-07-20,28.21,,,,88.3
2024-07-21,27.34,,,,89.2
2024-07-23,28.28,,,,88.8
2024-07-24,28.41,,,,89.5
2024-07-25,26.7,,,,89.7
2024-07-26,27.84,,,,90.3
2024-07-27,28.03,,,,89.1
2024-07-28,27.52,,,,90.1
2024-07-29,25.03,,,,90.2
2024-07-30,26.35,,,,89.4
2024-07-31,28.02,,,,89.1
2024-08-01,25.65,,,,88.5
2024-08-02,28.65,,,,88.1
2024-08-03,26.49,,,,89.1
2024-08-06,27.92,,,,88.9
2024-08-07,27.92,,,,88.9
2024-08-08,26.15,,,,90.0
2024-08-09,26.87,,,,89.4
2024-08-10,27.56,,,,89.5
2024-08-12,27.77,,,,89.6
2024-08-13,25.33,,,,89.5
2024-08-21,23.65,,,,94.8
2024-08-22,25.21,,,,93.1
2024-08-23,28.72,,,,91.6
2024-08-24,27.65,,,,92.5
2024-09-01,23.56,,,,96.5
2024-09-03,27.29,,,,93.3
2024-09-04,26.08,,,,92.9
2024-09-05,26.29,,,,92.3
2024-09-06,25.88,,,,91.7
2024-09-07,25.97,,,,92.7
2024-09-08,,,,,92.7
2024-09-09,25.41,,,,91.9
2024-09-10,27.12,,,,91.9
2024-09-15,24.92,,,,93.3
2024-09-16,25.96,,,,91.9
2024-09-17,23.93,,,,91.0
2024-09-18,24.21,,,,90.6
2024-09-19,23.71,,,,89.8
2024-09-20,25.76,,,,90.0
2024-09-21,25.27,,,,90.3
2024-09-23,24.89,,,,90.7
2024-09-24,24.86,,,,90.7
2024-10-02,27.1,,,,89.6
2024-10-03,24.41,,,,90.2
2024-10-05,25.96,,,,90.1
2024-10-06,26.34,,,,89.5
2024-10-09,26.2,,,,89.6
2024-10-10,25.26,,,,90.5
2024-10-11,25.31,,,,90.5
2024-10-12,,,,,91.3
2024-10-13,25.31,,,,91.3
2024-10-14,23.97,,,,90.0
2024-10-15,24.58,,,,90.0
2024-10-16,24.93,,,,89.8
2024-10-17,25.23,,,,90.5
2024-10-18,24.94,,,,90.1
2024-10-19,25.67,,,,90.1
2024-10-24,23.82,,,,90.2
2024-10-30,25.75,,,,92.1
2024-11-03,26.0,,,,92.1
2024-11-04,23.17,,,,90.9
2024-11-06,24.04,,,,88.4
2024-11-07,25.5,,,,88.0
2024-11-08,26.72,,,,87.3
2024-11-09,26.54,,,,87.1
2024-11-10,25.99,,,,86.7
2024-11-11,24.76,,,,86.8
2024-11-12,25.29,,,,85.8
2024-11-13,25.26,,,,85.7
2024-11-15,,,,,84.1
2024-11-16,24.81,,,,84.0
2024-11-17,,,,,83.4
2024-11-18,23.77,,,,84.8
2024-11-20,,,,,82.7
2024-11-21,,,,,82.6
2024-11-22,23.34,,,,82.7
2024-11-23,,,,,82.0
2024-11-25,,,,,82.4
2024-11-26,22.94,,,,82.4
2024-11-28,,,,,81.7
2024-11-29,,,,,81.2
2024-11-30,,,,,76.0
2024-12-01,,,,,82.1
2024-12-02,21.08,,,,81.9
2024-12-04,,,,,80.3
2024-12-05,,,,,80.2
2024-12-06,,,,,80.2
2024-12-07,21.27,,,,75.9
2024-12-08,,,,,79.8
2024-12-09,20.78,,,,80.6
2024-12-10,,,,,79.8
2024-12-11,20.48,,,,79.5
2024-12-12,20.77,,,,79.8
2024-12-13,,,,,78.8
2024-12-14,,,,,79.4
2024-12-15,21.96,,,,78.9
2024-12-16,19.88,,,,79.0
2024-12-17,,,,,74.3
2024-12-18,,,,,77.9
2024-12-19,22.32,,,,78.6
2024-12-20,21.09,,,,78.2
2024-12-21,20.81,,,,78.0
2024-12-22,20.71,,,,78.5
2024-12-24,20.98,,,,78.0
2024-12-25,21.15,,,,78.6
2024-12-26,20.93,,,,78.3
2024-12-27,22.05,,,,79.1
2024-12-28,20.22,,,,78.4
2024-12-29,,,,,78.6
2024-12-31,20.32,,,,77.8
2025-01-01,,,,,77.4
2025-01-03,,,,,77.6
2025-01-04,,,,,77.1
2025-01-05,,,,,77.5
2025-01-06,19.32,,,,78.0
2025-01-08,,,,,77.3
2025-01-09,19.11,,,,77.3
2025-01-10,,,,,76.0
2025-01-12,,,,,77.2
2025-01-13,19.08,,,,77.2
2025-01-14,,,,,76.3
2025-01-16,18.39,,,,76.5
2025-01-17,,,,,76.3
2025-01-18,,,,,75.8
2025-01-19,19.74,,,,76.3
2025-01-20,18.83,,,,75.5
2025-01-21,19.36,,,,75.7
2025-01-22,18.92,,,,75.9
2025-01-23,,,,,75.6
2025-01-24,,,,,75.9
2025-01-25,18.58,,,,76.8
2025-01-26,19.54,,,,76.6
2025-01-27,17.99,,,,76.5
2025-01-28,,,,,76.1
2025-01-29,18.77,,,,76.5
2025-01-30,,,,,76.2
2025-01-31,18.47,,,,76.6
2025-02-01,19.48,,,,75.9
2025-02-02,,,,,76.1
2025-02-03,16.79,,,,74.3
2025-02-05,,,,,76.2
2025-02-06,,,,,73.4
2025-02-07,,,,,75.3
2025-02-09,,,,,77.7
2025-02-11,,,,,77.7
2025-02-12,18.18,,,,77.6
2025-02-13,17.14,,,,77.4
2025-02-14,,,,,76.9
2025-02-15,17.77,,,,77.1
2025-02-17,17.14,,,,79.8
2025-02-19,,,,,78.6
2025-02-21,18.35,,,,79.1
2025-02-22,,,,,79.6
2025-02-24,17.38,,,,81.8
2025-02-25,,,,,80.0
2025-02-26,18.11,,,,78.8
2025-02-27,,,,,79.1
2025-02-28,19.26,,,,77.8
2025-03-02,19.18,,,,78.4
2025-03-04,17.89,,,,77.7
2025-03-06,17.91,,,,78.5
2025-03-07,18.71,,,,76.7
2025-03-08,18.78,,,,77.0
2025-03-09,18.83,,,,77.1
2025-03-10,16.79,,,,78.4
2025-03-11,17.62,,,,77.8
2025-03-12,17.26,,,,77.2
2025-03-13,17.09,,,,77.8
2025-03-14,18.59,,,,77.7
2025-03-15,,,,,76.6
2025-03-16,,,,,76.7
2025-03-17,,,,,78.0
2025-03-18,19.02,,,,78.0
2025-03-19,17.96,,,,76.9
2025-03-20,17.1,,,,77.2
2025-03-21,17.39,,,,77.4
2025-03-22,18.11,,,,78.1
2025-03-23,18.05,,,,77.2
2025-03-24,17.63,,,,77.5
2025-03-25,16.83,,,,78.0
2025-03-27,16.77,,,,77.8
2025-03-28,16.73,,,,78.5
2025-03-30,17.99,,,,78.4
2025-03-31,16.04,,,,78.4
2025-04-01,,,,,77.8
2025-04-02,16.1,,,,77.1
2025-04-03,,,,,76.8
2025-04-04,16.53,,,,77.4
2025-04-07,15.59,,,,78.9
2025-04-08,,,,,78.7
2025-04-09,16.03,,,,79.7
2025-04-10,15.89,,,,79.4
2025-04-11,15.6,,,,79.2
2025-04-15,15.42,,,,81.1
2025-04-16,15.54,,,,81.0
2025-04-17,16.67,,,,80.9
2025-04-18,17.13,,,,80.7
2025-04-19,16.57,,,,79.5
2025-04-21,16.94,,,,79.7
2025-04-22,16.7,,,,79.6
2025-04-23,16.58,,,,79.5
2025-04-24,16.23,,,,79.6
2025-04-25,15.91,,,,79.8
2025-04-26,,,,,80.8
2025-04-27,15.4,,,,79.7
2025-04-28,14.74,,,,79.9
2025-04-29,17.15,,,,79.3
2025-05-01,16.83,,,,77.3
2025-05-02,,,,,78.3
2025-05-03,,,,,78.4
2025-05-04,,,,,78.2
2025-05-05,15.65,,,,77.5
2025-05-07,14.72,,,,75.6
2025-05-08,15.42,,,,76.1
2025-05-09,15.0,,,,75.5
2025-05-10,14.58,,,,75.2
2025-05-11,16.38,,,,75.5
2025-05-12,15.53,,,,75.2
2025-05-13,14.64,,,,74.3
2025-05-14,15.92,,,,74.3
2025-05-15,5.54,,,,74.0
2025-05-16,14.84,,,,73.2
2025-05-17,15.67,,,,73.3
2025-05-18,15.71,,,,72.2
2025-05-19,14.46,,,,72.0
2025-05-20,14.38,,,,72.1
2025-05-21,14.32,,,,71.4
2025-05-22,14.08,,,,70.9
2025-05-23,14.68,,,,71.7
2025-05-24,14.02,,,,72.1
2025-05-25,15.36,,,,73.6
2025-05-26,13.59,,,,72.2
2025-05-28,,,,,71.2
2025-05-29,15.12,,,,71.2
2025-05-30,14.13,,,,72.6
2025-05-31,,,,,70.5
2025-06-01,15.0,,,,71.6
2025-06-03,13.82,,,,72.0
2025-06-04,12.97,,,,72.4
2025-06-05,12.84,,,,72.0
2025-06-06,12.61,,,,73.3
2025-06-07,12.66,,,,72.9
2025-06-08,14.62,,,,71.7
2025-06-09,13.36,,,,72.4
2025-06-11,13.41,,,,71.6
2025-06-12,12.68,,,,71.1
2025-06-13,13.53,,,,71.1
2025-06-16,13.52,,,,70.3
2025-06-17,11.98,,,,69.5
2025-06-18,11.97,,,,69.5
2025-06-19,,,,,69.5
2025-06-20,13.56,,,,69.9
2025-06-21,,,,,69.7
2025-06-26,12.49,,,,69.2
2025-06-27,12.71,,,,67.3
2025-06-28,12.69,,,,67.2
2025-06-30,,,,,68.2
2025-07-01,12.26,,,,69.1
2025-07-02,12.7,,,,67.5
2025-07-04,11.47,,,,66.2
2025-07-05,11.65,,,,65.6
2025-07-06,12.08,,,,66.1
2025-07-07,,,,,65.1
2025-07-08,,,,,66.2
2025-07-09,11.51,,,,67.3
2025-07-10,,,,,67.2
2025-07-12,,,,,66.6
2025-07-13,,,,,68.3
2025-07-23,11.77,,,,70.8
2025-07-24,,,,,70.7
2025-07-25,,,,,69.8
2025-07-26,,,,,67.9
2025-07-27,,,,,66.4
2025-07-28,,,,,64.6
2025-07-29,11.94,,,,66.2
2025-07-30,13.07,,,,66.9
2025-07-31,11.92,,,,65.8
2025-08-01,12.52,,,,64.5
2025-08-02,11.91,,,,64.5
2025-08-07,12.24,,,,66.1
2025-08-08,12.44,,,,65.1
2025-08-09,12.65,,,,65.9
2025-08-12,13.1,,,,69.1
2025-08-21,14.91,,,,73.0
2025-08-22,13.22,,,,73.0
2025-08-24,15.05,,,,69.2
2025-08-25,14.22,,,,68.5
2025-08-26,,,,,68.3
2025-08-28,14.48,,,,69.0
2025-08-29,14.04,,,,70.2
2025-08-30,14.17,,,,70.1
2025-08-31,14.54,,,,71.0
2025-09-01,14.33,,,,70.5
2025-09-02,14.99,,,,70.8
2025-09-03,14.53,,,,70.0
2025-09-04,14.52,,,,69.8
2025-09-05,14.71,,,,70.9
2025-09-06,14.26,,,,70.3
2025-09-07,14.78,,,,69.8
2025-09-09,14.89,,,,71.2
2025-09-10,14.83,,,,69.9
2025-09-12,14.88,,,,70.6
2025-09-13,15.13,,,,71.2
2025-09-14,15.13,,,,70.9
2025-09-19,15.68,,,,73.0
2025-09-20,15.56,,,,72.8
2025-09-21,15.47,,,,72.0
2025-09-22,14.87,,,,70.1
2025-09-23,15.38,,,,69.4
2025-09-24,14.85,,,,68.7
2025-09-25,14.54,,,,68.3
2025-09-26,14.55,,,,68.0
2025-09-27,14.94,,,,69.3
2025-09-29,,,,,69.9
2025-10-02,14.61,,,,69.3
2025-10-03,14.43,,,,67.6
2025-10-04,14.03,,,,67.0
2025-10-05,13.98,,,,66.5
2025-10-07,13.29,,,,65.7
2025-10-08,13.09,,,,66.1
2025-10-09,13.0,,,,66.2
2025-10-10,13.01,,,,65.9
2025-10-11,13.12,,,,65.2
2025-10-13,13.09,,,,65.9
2025-10-15,13.18,,,,66.0
2025-10-16,13.03,,,,65.4
2025-10-18,,,,,63.7
2025-10-19,12.59,,,,65.2
2025-10-20,12.53,,,,64.2
2025-10-23,13.08,,,,66.4
2025-10-24,13.5,,,,65.6
2025-10-28,13.53,,,,66.2
2025-10-31,13.74,,,,67.8
2025-11-03,13.27,,,,67.6
2025-11-04,13.65,,,,68.1
2025-11-06,13.54,,,,68.6
2025-11-07,13.91,,,,68.3
2025-11-08,13.84,,,,67.4
2025-11-09,13.94,,,,66.8
2025-11-10,14.17,,,,67.5
2025-11-13,14.01,,,,68.2
2025-11-14,15.45,,,,69.3
2025-11-20,14.57,,,,69.6
2025-11-23,14.69,,,,69.4
2025-11-25,14.32,,,,69.4
2025-11-27,13.97,,,,69.7
2025-11-28,14.77,,,,69.6
2025-12-03,15.32,,,,76.0
2025-12-04,15.25,,,,75.4
2025-12-05,15.02,,,,75.2
2025-12-07,15.55,,,,77.3
2025-12-08,15.47,,,,76.7
2025-12-09,16.3,,,,76.1
2025-12-10,14.65,,,,75.9
2025-12-11,15.74,,,,75.0
2025-12-12,16.17,,,,73.9
2025-12-13,15.88,,,,73.5
2025-12-14,16.02,,,,72.3
2025-12-15,15.96,,,,72.5
2025-12-16,15.53,,,,71.5
2025-12-17,15.77,,,,71.1
2025-12-18,15.66,,,,70.6
2025-12-19,15.19,,,,70.9
2025-12-20,15.18,,,,70.7
2025-12-21,14.99,,,,70.1
2025-12-22,15.05,,,,70.3
2025-12-24,15.02,,,,70.0
2025-12-25,15.25,,,,69.7
2025-12-26,15.84,,,,69.1
2025-12-27,15.26,,,,68.6
2025-12-28,15.3,,,,69.9
2025-12-29,15.42,,,,69.5
2025-12-30,15.27,,,,69.7
2025-12-31,15.01,,,,69.8
2026-01-01,15.17,,,,70.4
2026-01-02,15.29,,,,71.5
2026-01-03,15.23,,,,71.1
2026-01-04,14.73,,,,70.3
2026-01-05,14.51,,,,69.6
2026-01-06,14.8,,,,70.5
2026-01-07,14.27,,,,69.7
2026-01-08,14.51,,,,69.8
2026-01-09,14.34,,,,70.0
2026-01-10,14.77,,,,69.9
2026-01-11,14.47,,,,68.8
2026-01-12,14.33,,,,69.9
2026-01-13,14.54,,,,68.8
2026-01-14,14.0,,,,69.2
2026-01-15,14.54,,,,69.0
2026-01-17,14.19,,,,69.8
2026-01-18,15.14,,,,70.4
2026-01-19,14.61,,,,69.1
2026-01-20,14.06,,,,69.8
2026-01-21,14.18,,,,70.1
2026-01-22,14.12,,,,69.8
2026-01-23,14.76,,,,69.9
2026-01-25,14.14,,,,69.7
2026-01-27,14.69,,,,69.4
2026-01-29,14.79,,,,69.2
2026-01-30,14.38,,,,69.2
2026-01-31,15.05,,,,69.0
2026-02-02,14.09,,,,68.5
2026-02-06,14.31,,,,70.4
2026-02-07,14.24,,,,70.2
2026-02-08,14.53,,,,70.3
2026-02-12,14.4,,,,69.4
2026-02-14,13.93,,,,69.3
2026-02-15,13.92,,,,71.1
2026-02-19,14.71,,,,72.7
2026-02-21,14.95,,,,75.1
2026-02-23,13.68,,,,78.2
2026-02-24,15.2,,,,76.8
2026-02-25,15.31,,,,75.0
2026-02-26,15.32,,,,75.4
2026-02-27,15.45,,,,75.9
2026-02-28,15.37,,,,75.4
2026-03-01,15.99,,,,76.0
2026-03-02,15.82,,,,76.4
2026-03-03,16.52,,,,77.4
2026-03-04,15.76,,,,76.1
2026-03-05,16.57,,,,76.0
2026-03-06,15.55,,,,76.2
2026-03-07,15.44,,,,75.7
2026-03-08,15.64,,,,74.8
2026-03-09,15.62,,,,74.8
2026-03-10,15.18,,,,74.2
2026-03-11,15.47,,,,75.3
2026-03-13,15.01,,,,74.3
2026-03-14,15.35,,,,73.8
2026-03-15,15.46,,,,73.7
2026-03-17,15.43,,,,72.6
2026-03-18,14.99,,,,72.5
2026-03-19,14.31,,,,72.4
2026-03-20,14.15,,,,72.5
2026-03-21,14.59,,,,72.5
2026-03-22,14.0,,,,71.4
2026-03-23,14.0,,,,71.5
2026-03-24,13.98,,,,71.2
2026-03-25,14.3,,,,71.6
2026-03-26,14.18,,,,70.9
2026-03-27,14.2,,,,70.8
2026-03-28,14.11,,,,70.8
2026-03-29,13.8,,,,70.6
2026-03-30,14.58,,,,70.7
2026-03-31,13.74,,,,70.1
2026-04-01,13.59,,,,70.2
