Datum,Mahlzeit,Kalorien,Fett (g),Gesättigte Fettsäuren,Mehrfach ungesättigte Fettsäuren,Einfach ungesättigte Fettsäuren,Transfettsäuren,Cholesterin,Natrium (mg),Kalium,Kohlenhydrate (g),Ballaststoffe,Zucker,Eiweiß (g),Vitamin A,Vitamin C,Kalzium,Eisen,export_headers.note
2020-09-08,Frühstück,150.0,3.0,2.0,0.0,0.0,0.0,0.0,96.0,0.0,10.4,0.0,8.0,20.0,0.0,0.0,0.0,0.0,
2022-11-03,Frühstück,385.0,7.5,5.0,0.0,0.0,0.0,0.0,0.0,0.0,39.0,0.0,19.0,40.0,0.0,0.0,0.0,0.0,
2023-05-20,Frühstück,1421.0,86.0,0.0,0.0,0.0,0.0,0.0,0.8,0.0,88.3,0.0,6.2,70.4,0.0,0.0,0.0,0.0,
2023-05-21,Mittagessen,1616.0,16.6,7.5,0.4,3.4,0.0,39.4,7536.0,39.0,241.4,0.5,27.2,46.1,6.8,0.0,19.7,1.2,
2023-05-22,Abendessen,714.0,14.8,2.2,0.6,0.0,0.0,0.0,687.0,3882.0,140.7,25.8,12.7,44.9,99.0,216.0,18.0,54.0,
2023-05-22,Frühstück,460.0,3.2,1.1,0.0,0.0,0.0,0.0,0.0,0.0,35.9,0.0,18.8,58.6,0.0,0.0,0.0,0.0,
2023-05-23,Frühstück,319.0,2.0,1.1,0.0,0.0,0.0,0.0,0.0,0.0,18.8,0.0,18.8,55.0,0.0,0.0,0.0,0.0,
2023-05-23,Mittagessen,105.0,0.4,0.1,0.1,0.0,0.0,0.0,1.2,422.4,27.0,3.1,14.4,1.3,5.0,17.1,0.6,1.7,
2023-05-24,Abendessen,1182.0,38.6,19.4,0.3,0.0,0.0,420.0,1.2,942.4,89.3,6.7,43.6,121.8,5.7,297.1,20.6,2.9,
2023-05-25,Abendessen,540.0,33.0,0.0,0.0,0.0,0.0,174.0,0.0,0.0,0.0,0.0,0.0,60.0,0.0,0.0,0.0,0.0,
2023-05-25,Mittagessen,663.0,21.2,0.1,0.1,0.0,0.0,0.0,1.2,422.4,97.3,4.6,14.4,22.7,5.0,17.1,0.6,1.7,
2023-05-26,Abendessen,1549.8,68.0,34.2,0.0,0.0,0.0,0.0,26.0,0.0,177.2,1.8,46.4,51.2,0.0,0.0,12.0,0.0,
2023-05-31,Mittagessen,333.5,1.9,1.1,0.0,0.0,0.0,0.0,252.0,0.0,18.8,0.0,18.8,56.5,0.0,0.0,49.5,0.0,
2023-06-01,Mittagessen,1889.5,109.0,23.5,0.2,0.1,0.0,609.6,1167.7,785.0,177.6,7.8,25.3,136.7,367.8,22.5,120.2,22.0,
2023-06-02,Abendessen,2011.1,75.1,4.9,0.0,0.0,0.0,0.0,324.0,0.0,173.7,3.0,72.1,142.1,0.0,0.0,49.5,0.0,
2023-06-04,Frühstück,733.8,24.3,5.4,0.0,0.0,0.0,217.8,1565.0,80.8,102.9,8.5,4.9,28.0,15.4,0.0,2.8,10.0,
2023-06-05,Abendessen,244.0,5.6,3.6,0.0,0.0,0.0,0.0,0.0,0.0,36.8,0.0,34.8,11.2,0.0,0.0,0.0,0.0,
2023-06-05,Frühstück,210.0,0.8,0.2,0.2,0.0,0.0,0.0,2.4,844.8,54.0,6.2,28.8,2.6,10.0,34.2,1.2,3.4,
2023-06-06,Abendessen,186.0,0.3,0.0,0.0,0.0,0.0,0.0,0.0,996.0,45.9,6.9,0.6,6.0,0.0,36.0,0.0,0.0,
2023-06-06,Frühstück,560.0,21.4,6.8,0.0,0.0,0.0,653.4,495.0,242.4,19.2,0.0,18.3,66.6,46.2,0.0,8.4,30.0,
2023-06-06,Mittagessen,210.0,0.8,0.2,0.2,0.0,0.0,0.0,2.4,844.8,54.0,6.2,28.8,2.6,10.0,34.2,1.2,3.4,
2023-06-08,Mittagessen,2365.8,89.3,15.3,0.3,0.0,0.0,174.0,115.8,2387.2,228.2,15.3,124.7,161.9,75.0,126.3,61.8,5.1,
2023-06-09,Mittagessen,1355.3,22.8,3.9,0.1,0.0,0.0,0.0,692.2,422.4,165.5,19.8,45.0,122.2,5.0,17.1,60.6,1.7,
2023-06-10,Frühstück,454.0,14.0,2.6,0.2,0.0,0.0,0.0,3.7,844.8,59.2,11.4,28.8,25.8,10.0,34.2,481.2,3.4,
2023-06-15,Abendessen,159.0,0.3,0.2,0.0,0.0,0.0,0.0,300.0,0.0,10.8,0.0,10.8,27.9,0.0,0.0,0.0,0.0,
2023-07-18,Mittagessen,1929.3,40.2,6.7,1.9,15.4,0.0,0.0,1.4,422.4,273.2,3.1,27.7,133.3,7.5,17.1,0.6,1.7,
2023-07-19,Abendessen,603.0,32.5,15.0,0.0,0.0,0.0,0.0,250.0,0.0,0.0,0.0,0.0,77.3,0.0,0.0,0.0,0.0,
2023-07-19,Frühstück,672.5,15.4,5.3,0.0,0.0,0.0,0.0,1469.3,0.0,15.4,0.0,13.2,119.0,0.0,19.0,0.0,0.0,
2023-07-19,Mittagessen,141.0,4.5,3.0,0.0,0.0,0.0,0.0,0.0,0.0,14.7,0.0,14.7,10.5,0.0,0.0,0.0,0.0,
2023-07-20,Abendessen,572.0,4.1,2.7,0.0,0.0,0.0,560.0,0.0,0.0,63.0,0.0,51.0,64.0,0.0,0.0,0.0,0.0,
2023-07-20,Frühstück,510.0,7.3,4.7,0.0,0.0,0.0,0.0,300.0,0.0,29.4,0.0,27.8,81.5,0.0,19.0,0.0,0.0,
2023-07-20,Mittagessen,450.0,21.6,7.1,0.0,0.0,0.0,653.4,495.0,242.4,14.2,0.0,9.3,43.1,46.2,0.0,8.4,30.0,
2023-07-25,Abendessen,340.0,22.0,0.0,0.0,0.0,0.0,0.0,0.0,0.0,24.0,0.0,10.0,8.0,0.0,0.0,0.0,0.0,
2023-07-27,Frühstück,153.0,3.0,2.0,0.0,0.0,0.0,0.0,0.0,0.0,11.4,0.0,9.0,20.0,0.0,0.0,0.0,0.0,
2023-07-27,Mittagessen,1015.5,9.7,4.1,0.0,0.0,0.0,0.0,1169.3,0.0,60.4,0.0,54.8,167.4,0.0,0.0,0.0,0.0,
2023-07-31,Frühstück,1015.0,19.0,9.5,0.0,0.0,0.0,0.0,5618.6,0.0,72.8,0.0,83.6,164.7,0.0,38.0,0.0,0.0,
2023-08-01,Abendessen,504.0,3.0,1.2,0.0,0.0,0.0,0.0,0.0,0.0,25.9,0.0,18.7,88.9,0.0,19.0,0.0,0.0,
2023-08-01,Mittagessen,434.0,10.6,6.4,0.0,0.0,0.0,0.0,0.0,0.0,35.0,0.0,29.4,46.4,0.0,0.0,0.0,0.0,
2023-08-02,Abendessen,973.0,21.8,0.9,0.1,0.0,0.0,0.0,1.2,422.4,47.3,3.1,33.1,148.8,5.0,36.1,0.6,1.7,
2023-08-02,Frühstück,621.0,6.0,3.6,0.0,0.0,0.0,0.0,0.0,0.0,74.4,0.0,15.9,55.3,0.0,19.0,0.0,0.0,
2023-08-04,Mittagessen,854.0,10.9,6.9,0.0,0.0,0.0,0.0,0.0,0.0,91.4,0.0,31.3,85.8,0.0,38.0,0.0,0.0,
2023-08-05,Abendessen,818.0,35.6,4.4,0.0,0.0,0.0,0.0,0.0,0.0,9.0,0.0,5.0,115.2,0.0,0.0,0.0,0.0,
2023-08-05,Frühstück,467.0,1.6,0.0,0.0,0.0,0.0,0.0,0.0,0.0,28.2,0.0,10.0,83.8,0.0,0.0,0.0,0.0,
2023-08-06,Frühstück,830.0,19.0,11.8,0.5,0.0,6.0,60.0,465.0,92.0,67.8,2.0,25.0,94.8,0.0,0.0,6.0,16.0,
2023-08-07,Abendessen,168.0,4.8,3.2,0.0,0.0,0.0,0.0,0.0,0.0,11.0,0.0,9.0,20.0,0.0,0.0,0.0,0.0,
2023-08-07,Mittagessen,1514.0,52.8,4.1,0.0,0.0,0.0,0.0,1100.0,0.0,92.2,9.0,46.3,170.9,0.0,19.0,0.0,0.0,
2023-08-08,Mittagessen,1612.0,60.2,14.4,0.0,0.0,0.0,174.0,1003.5,208.0,59.2,0.0,38.7,200.8,0.0,19.0,16.6,0.0,
2023-08-09,Frühstück,1820.4,69.9,22.9,12.5,4.6,0.0,11.6,484.8,428.0,155.1,10.2,64.0,144.6,5.0,36.1,2.8,2.1,
2023-08-10,Mittagessen,1341.8,29.7,17.4,0.0,0.0,0.0,0.0,640.0,208.0,44.3,0.0,41.1,222.6,0.0,38.0,16.6,0.0,
2023-08-12,Frühstück,1906.5,73.3,37.6,0.0,0.0,0.0,0.0,236.6,0.0,160.9,0.0,63.8,142.6,0.0,38.0,0.0,0.0,
2023-08-15,Mittagessen,1671.0,52.5,12.8,0.1,0.0,0.0,0.0,641.2,630.4,118.3,3.1,79.5,177.1,5.0,55.1,17.2,1.7,
2023-08-16,Abendessen,788.0,23.0,9.8,0.0,0.0,0.0,0.0,0.0,10.0,49.8,0.0,23.2,94.5,0.0,19.0,0.0,0.0,
2023-08-16,Mittagessen,641.0,13.3,8.8,0.1,0.0,0.0,0.0,641.2,630.4,51.0,3.1,36.8,81.6,5.0,36.1,17.2,1.7,
2023-08-17,Abendessen,336.0,4.9,3.3,0.0,0.0,0.0,0.0,0.0,0.0,17.0,0.0,15.4,55.3,0.0,19.0,0.0,0.0,
2023-08-28,Mittagessen,1577.0,30.9,8.3,1.1,7.8,0.0,186.0,2551.2,1252.4,119.5,11.9,45.3,212.6,6.2,66.1,0.6,1.7,
2023-08-29,Mittagessen,1618.1,23.6,11.3,0.3,0.0,0.0,0.0,754.0,3339.8,127.4,12.0,67.5,235.1,0.0,170.1,20.5,1.5,
2023-08-30,Abendessen,1350.0,22.6,4.7,3.7,6.3,0.0,792.5,712.0,699.8,99.9,5.8,17.2,189.0,14.8,17.1,8.9,23.2,
2023-08-30,Frühstück,746.0,13.7,8.9,0.2,0.0,0.0,0.0,642.4,1052.8,78.0,6.2,51.2,82.9,10.0,53.2,17.8,3.4,
2023-08-31,Frühstück,513.0,8.8,5.6,0.2,0.0,0.0,0.0,642.4,1052.8,61.0,6.2,35.8,52.4,10.0,34.2,17.8,3.4,
2023-08-31,Mittagessen,1175.8,36.9,14.2,0.4,0.1,0.0,0.0,1287.5,713.0,52.1,4.5,42.9,161.6,0.0,205.8,38.5,2.0,
2023-09-01,Frühstück,1668.0,38.9,20.5,0.2,0.0,0.0,0.0,4693.3,1272.8,151.3,6.2,75.6,181.6,10.0,53.2,17.8,3.4,
2023-09-02,Frühstück,348.0,13.0,6.2,3.1,1.2,0.0,0.0,640.0,208.0,7.0,0.0,7.0,49.8,0.0,0.0,16.6,0.0,
2023-09-04,Mittagessen,1442.0,33.9,11.2,1.2,0.0,0.0,0.0,642.4,1052.8,133.2,6.2,51.2,162.2,10.0,53.2,17.8,3.4,
2023-09-05,Mittagessen,1682.0,48.9,14.5,0.1,0.0,0.0,0.0,4644.5,630.4,121.5,7.5,102.3,186.8,5.0,17.1,17.2,1.7,
2023-09-06,Frühstück,1108.0,24.7,15.3,0.2,0.0,0.0,0.0,1285.7,1260.8,86.5,6.2,59.4,139.7,10.0,53.2,34.4,3.4,
2023-09-06,Mittagessen,1160.0,68.8,16.9,3.6,8.3,0.0,630.0,717.1,201.0,20.1,0.0,17.6,110.1,0.0,0.0,0.0,0.0,
2023-09-07,Abendessen,362.0,7.0,0.8,0.0,0.0,0.0,0.0,0.0,0.0,11.2,0.0,6.4,63.0,0.0,0.0,0.0,0.0,
2023-09-07,Frühstück,971.0,21.6,14.2,0.1,0.0,0.0,0.0,1391.2,838.4,70.0,3.1,55.8,126.6,5.0,36.1,33.8,1.7,
2023-09-08,Abendessen,194.0,5.6,1.6,0.0,0.0,0.0,0.0,0.0,0.0,7.2,0.0,0.0,28.8,0.0,0.0,0.0,0.0,
2023-09-09,Frühstück,1483.0,75.5,23.8,0.0,0.0,0.0,0.0,500.2,0.0,88.5,4.1,40.5,115.4,0.0,19.0,0.0,0.0,
2023-09-12,Mittagessen,1348.0,24.9,15.3,0.0,0.0,0.0,0.0,2768.4,208.0,69.7,0.0,46.5,207.8,0.0,19.0,16.6,0.0,
2023-09-13,Mittagessen,1752.0,66.1,26.6,0.1,0.0,0.0,0.0,1281.2,838.4,76.2,3.1,59.2,214.6,5.0,36.1,33.8,1.7,
2023-09-14,Mittagessen,1351.0,24.8,14.7,0.1,0.0,0.0,0.0,1281.2,838.4,58.0,3.1,43.8,221.6,5.0,36.1,33.8,1.7,
2023-09-15,Abendessen,1287.0,38.4,13.3,0.0,0.0,0.0,0.0,0.0,996.0,88.1,6.9,32.8,152.5,0.0,55.0,0.0,0.0,
2023-09-15,Frühstück,882.0,23.7,6.1,0.2,0.0,0.0,0.0,642.4,1052.8,98.2,9.3,39.6,75.0,10.0,34.2,17.8,3.4,
2023-09-16,Frühstück,512.0,8.7,5.6,0.2,0.0,0.0,0.0,643.2,844.4,61.6,7.9,42.2,51.6,5.0,32.4,18.4,3.0,
2023-09-16,Mittagessen,233.0,4.9,3.3,0.0,0.0,0.0,0.0,0.0,0.0,17.0,0.0,15.4,30.5,0.0,19.0,0.0,0.0,
2023-09-17,Mittagessen,953.0,28.6,0.8,0.0,0.0,0.0,0.0,1900.0,0.0,144.0,10.0,56.0,49.0,0.0,0.0,0.0,0.0,
2023-09-20,Mittagessen,1769.0,65.4,22.6,0.0,0.0,0.0,50.0,642.0,208.0,68.9,0.0,22.6,204.0,0.0,19.0,16.6,0.0,
2023-09-21,Mittagessen,1580.5,53.6,26.4,0.2,0.0,0.0,0.0,960.0,636.0,127.8,9.6,101.9,147.9,0.0,49.6,19.0,2.6,
2023-09-27,Abendessen,1130.0,46.0,14.8,0.0,0.0,0.0,0.0,420.0,0.0,100.8,19.0,23.0,77.0,0.0,0.0,1.0,14.0,
2023-09-27,Mittagessen,875.8,21.3,10.2,0.0,0.0,0.0,0.0,922.2,208.0,44.2,0.0,33.5,123.8,0.0,19.0,16.6,0.0,
2023-09-29,Mittagessen,1564.0,22.6,9.8,0.0,0.0,0.0,0.0,6.0,0.0,63.4,0.0,30.8,269.0,0.0,38.0,0.0,0.0,
2023-10-04,Mittagessen,1091.0,32.7,11.9,0.0,0.0,0.0,0.0,640.0,208.0,35.0,0.0,31.4,163.3,0.0,19.0,16.6,0.0,
2023-10-06,Abendessen,1158.5,46.8,5.0,0.0,0.0,0.0,0.0,1.0,0.0,139.7,0.0,25.1,49.1,0.0,61.8,0.0,0.0,
2023-10-06,Mittagessen,1032.9,32.5,17.3,0.0,0.0,0.0,0.0,2715.2,208.0,70.0,8.8,27.4,118.1,0.0,19.0,16.6,0.0,
2023-10-07,Mittagessen,477.0,5.7,3.3,0.0,0.0,0.0,0.0,0.0,0.0,29.6,0.0,15.4,75.9,0.0,19.0,0.0,0.0,
2023-10-08,Abendessen,2166.1,86.8,19.5,0.0,0.0,0.0,63.0,951.4,250.0,169.4,5.4,20.2,153.1,3.2,19.0,28.0,13.6,
2023-10-09,Mittagessen,2105.5,108.1,6.5,0.0,0.0,0.0,0.0,78.8,0.0,132.4,0.0,35.0,149.5,0.0,80.8,0.0,0.0,
2023-10-10,Abendessen,815.0,53.6,3.2,0.0,0.0,0.0,0.0,0.0,0.0,47.5,0.0,9.0,36.8,0.0,0.0,0.0,0.0,
2023-10-10,Mittagessen,807.0,18.6,12.0,0.0,0.0,0.0,0.0,640.0,208.0,53.6,0.0,37.8,106.6,0.0,38.0,16.6,0.0,
2023-10-12,Abendessen,1636.6,33.0,19.8,0.0,0.0,0.0,124.0,2860.0,208.0,182.3,17.3,38.9,174.8,0.0,19.0,16.6,0.0,
2023-10-13,Mittagessen,1586.0,43.7,10.3,0.0,0.0,0.0,0.0,2372.0,0.0,167.4,0.0,40.9,133.1,0.0,142.6,0.0,0.0,
2023-10-16,Abendessen,1441.2,56.2,27.2,0.0,0.0,0.0,0.0,5.4,830.0,78.2,5.8,32.3,147.9,0.0,49.0,0.0,0.0,
2023-10-24,Mittagessen,1383.0,37.7,17.7,0.0,0.0,0.0,0.0,2470.0,416.0,84.0,0.0,37.4,146.2,0.0,19.0,33.2,0.0,
2024-01-05,Frühstück,255.4,0.0,0.0,0.0,0.0,0.0,0.0,3.4,43.7,69.4,0.2,69.0,0.3,0.0,0.7,0.5,2.0,
2024-01-06,Abendessen,886.0,13.2,6.0,0.0,0.0,0.0,0.0,3200.4,0.0,79.0,4.0,11.0,114.0,0.0,0.0,0.0,0.0,
2024-01-07,Frühstück,787.0,26.7,8.2,0.0,0.0,0.0,0.0,0.4,0.0,62.7,3.2,9.7,78.3,0.0,0.0,0.0,0.0,
2024-01-07,Snacks,1508.3,26.1,6.7,0.1,0.0,0.0,0.0,3212.5,370.0,212.1,8.8,75.8,109.9,0.0,15.3,2.4,1.3,
2024-01-08,Snacks,1511.0,31.8,12.6,0.0,0.0,0.0,0.0,1843.4,208.0,121.2,1.0,43.0,184.6,0.0,0.0,16.6,0.0,
2024-01-09,Mittagessen,1348.1,35.9,17.3,0.1,0.0,0.0,0.0,642.6,712.0,116.2,7.8,50.0,139.0,6.0,15.3,19.8,3.3,
2024-01-09,Snacks,103.0,0.0,0.0,0.0,0.0,0.0,0.0,0.0,0.0,0.0,0.0,0.0,24.8,0.0,0.0,0.0,0.0,
2024-01-10,Mittagessen,2005.8,37.3,6.8,0.1,0.0,0.0,0.0,645.8,780.0,205.2,7.4,41.6,207.4,0.4,26.2,18.4,3.2,
2024-01-11,Abendessen,1119.3,41.8,18.0,0.0,0.0,0.0,0.0,640.6,208.0,80.3,0.0,15.4,104.0,0.0,0.0,16.6,0.0,
2024-01-11,Frühstück,650.6,16.6,0.1,0.0,0.0,0.0,0.0,0.0,237.1,46.5,5.0,12.2,80.2,98.0,201.2,20.9,30.0,
2024-01-11,Mittagessen,104.0,0.3,0.1,0.1,0.0,0.0,0.0,2.0,214.0,27.6,4.8,20.8,0.5,0.0,15.3,1.2,1.3,
2024-01-12,Abendessen,1453.5,69.3,18.2,0.0,0.0,0.0,0.0,877.5,1162.0,92.6,13.4,13.9,119.6,195.0,42.0,0.0,0.0,
2024-01-12,Frühstück,975.0,24.0,5.5,0.1,0.0,0.0,0.0,643.1,643.0,91.4,8.6,38.4,102.2,0.0,15.3,17.8,1.3,
2024-01-13,Mittagessen,2104.4,108.7,17.2,4.3,2.1,0.2,25.7,854.0,480.6,169.3,2.6,36.8,120.6,47.2,1.0,17.7,2.6,
2024-01-14,Mittagessen,1534.0,45.4,17.8,0.0,0.0,0.0,0.0,1282.2,858.0,151.1,5.6,51.2,139.7,0.0,0.0,33.2,0.0,
2024-01-15,Frühstück,2698.8,81.4,11.5,4.2,1.6,0.2,20.9,4602.7,259.1,306.6,3.8,168.4,144.5,43.5,1.0,17.6,2.6,
2024-01-15,Mittagessen,205.0,0.0,0.0,0.0,0.0,0.0,0.0,0.0,0.0,0.0,0.0,0.0,0.0,0.0,0.0,0.0,0.0,
2024-01-16,Abendessen,930.0,33.9,4.3,0.0,0.0,0.0,0.0,1801.7,221.0,51.3,1.8,27.1,104.6,0.0,0.0,0.0,0.0,
2024-01-16,Frühstück,480.0,15.6,5.4,0.0,0.0,0.0,0.0,640.0,208.0,19.9,0.0,7.0,62.7,0.0,0.0,16.6,0.0,
2024-01-17,Frühstück,392.0,8.0,0.1,0.0,0.0,0.0,0.0,700.0,0.0,15.4,0.5,0.0,62.7,0.0,0.0,0.0,0.0,
2024-01-17,Mittagessen,1588.1,38.7,3.6,0.0,0.0,0.0,0.0,1.7,0.0,85.1,0.1,7.9,214.3,0.0,15.0,15.0,0.0,
2024-01-18,Abendessen,186.0,4.2,2.8,0.0,0.0,0.0,0.0,0.6,0.0,21.6,0.0,7.2,15.4,0.0,0.0,0.0,0.0,
2024-01-18,Frühstück,878.5,25.0,5.7,0.2,0.0,0.0,0.0,1345.7,577.5,58.1,4.7,25.0,106.9,0.0,108.4,34.2,1.0,
2024-01-18,Snacks,805.0,33.5,15.6,0.0,0.0,0.0,0.0,641.8,208.0,18.2,0.0,15.0,105.3,0.0,0.0,16.6,0.0,
2024-01-19,Frühstück,1608.0,55.4,0.4,0.0,0.0,0.0,0.0,1060.9,433.2,143.0,0.5,7.7,121.6,0.0,114.0,1.3,13.3,
2024-01-20,Frühstück,2089.7,71.8,16.6,4.8,9.2,0.1,327.7,1593.4,889.1,171.2,0.5,20.2,177.8,3.5,0.0,19.7,15.6,
2024-01-21,Abendessen,1182.2,46.3,9.6,4.8,9.2,0.1,327.7,252.8,681.1,96.5,2.1,33.1,89.2,3.5,0.0,3.1,15.6,
2024-01-21,Mittagessen,853.0,22.5,10.0,0.0,0.0,0.0,0.0,1340.5,208.0,61.6,0.5,27.5,98.7,0.0,0.0,16.6,0.0,
2024-01-22,Mittagessen,1579.6,38.1,14.8,0.1,0.1,0.0,0.0,2523.6,788.6,169.5,7.7,183.1,149.1,0.0,50.1,17.5,0.7,
2024-01-23,Abendessen,1037.5,21.9,10.7,0.2,0.0,0.0,0.0,7.9,369.5,107.6,4.1,35.5,105.8,0.0,93.4,2.6,1.0,
2024-01-23,Frühstück,304.0,8.0,5.4,0.0,0.0,0.0,0.0,640.0,208.0,8.3,0.0,7.0,49.5,0.0,0.0,16.6,0.0,
2024-01-24,Abendessen,875.3,38.6,15.3,0.0,0.0,0.0,0.0,541.6,0.0,26.8,3.8,1.2,106.2,0.0,0.0,0.0,0.0,
2024-01-24,Frühstück,1059.5,24.9,15.9,0.2,0.0,0.0,0.0,1984.9,785.5,99.4,7.1,69.8,117.2,0.0,93.4,35.8,1.0,
2024-01-25,Abendessen,858.3,9.7,4.3,0.2,0.0,0.0,0.0,557.4,780.0,70.5,7.9,1.9,120.5,0.4,23.0,17.0,22.0,
2024-01-25,Frühstück,927.0,17.6,11.1,0.0,0.0,0.0,0.0,1341.2,208.0,89.7,5.5,53.4,107.0,0.0,0.0,16.6,0.0,
2024-01-26,Frühstück,1331.1,41.3,26.4,0.0,0.0,0.0,0.0,641.8,208.0,87.5,0.0,19.8,151.8,0.0,0.0,16.6,0.0,
2024-01-27,Frühstück,1421.0,56.0,9.9,0.0,0.0,0.0,0.0,640.7,458.0,99.9,2.4,10.5,128.4,0.0,0.0,16.6,0.0,
2024-01-28,Frühstück,1691.0,63.9,13.2,0.0,0.0,0.0,0.0,8340.2,125.0,147.6,19.9,23.3,143.5,0.0,0.0,0.0,0.0,
2024-01-29,Frühstück,216.0,0.8,0.4,0.0,0.0,0.0,0.0,0.2,0.0,2.8,0.0,1.2,50.0,0.0,0.0,0.0,0.0,
2024-01-29,Mittagessen,1348.8,51.8,19.0,0.0,0.0,0.0,0.0,2858.1,0.0,90.4,0.5,16.5,129.0,0.0,0.0,0.0,0.0,
2024-01-30,Mittagessen,584.6,22.7,10.2,0.0,0.0,0.0,0.0,1180.1,208.0,22.1,5.5,9.0,75.3,0.0,0.0,16.6,0.0,
2024-01-30,Snacks,1410.8,60.2,17.6,0.0,0.0,0.0,0.0,1759.2,221.0,96.0,2.8,17.8,123.9,0.0,0.0,0.0,0.0,
2024-01-31,Abendessen,603.0,39.0,8.4,0.0,0.0,0.0,0.0,0.0,0.0,0.0,0.0,0.0,63.0,0.0,0.0,0.0,0.0,
2024-01-31,Frühstück,224.0,0.8,0.2,0.0,0.0,0.0,0.0,1400.0,0.0,5.0,1.0,0.0,50.0,0.0,0.0,0.0,0.0,
2024-01-31,Snacks,557.0,13.3,8.4,0.0,0.0,0.0,0.0,642.5,429.0,43.5,1.9,25.5,70.1,0.0,15.0,31.6,0.0,
2024-02-01,Frühstück,1000.6,29.1,14.2,0.0,0.0,0.0,0.0,2768.0,208.0,46.5,6.5,24.4,140.3,0.0,0.0,16.6,0.0,
2024-02-01,Snacks,1070.0,39.5,8.7,0.3,0.0,0.0,0.0,7.1,1455.0,95.8,11.2,56.0,95.5,1.8,36.0,6.0,12.0,
2024-02-02,Abendessen,401.8,4.6,0.3,0.0,0.0,0.0,0.0,1.1,10.9,17.3,0.0,17.2,69.1,0.0,0.2,0.1,0.5,
2024-02-02,Frühstück,224.0,0.8,0.2,0.0,0.0,0.0,0.0,1400.0,0.0,5.0,1.0,0.0,50.0,0.0,0.0,0.0,0.0,
2024-02-02,Mittagessen,489.0,12.2,8.2,0.0,0.0,0.0,0.0,640.6,208.0,28.6,0.0,14.2,65.2,0.0,0.0,16.6,0.0,
2024-02-03,Frühstück,2516.7,123.4,42.4,2.4,6.1,0.0,59.6,1582.3,1721.0,165.5,11.2,56.2,183.4,531.5,194.9,65.8,16.3,
2024-02-04,Abendessen,604.8,10.4,0.3,0.2,0.0,0.0,0.0,81.0,1450.4,105.6,11.5,55.8,30.5,0.5,7.0,8.8,2.6,
2024-02-04,Frühstück,1083.0,22.9,8.7,0.0,0.0,0.0,0.0,191.8,221.0,107.5,6.0,30.3,119.7,0.0,30.0,30.0,0.0,
2024-02-04,Snacks,186.0,4.2,2.8,0.0,0.0,0.0,0.0,0.6,0.0,21.6,0.0,7.2,15.4,0.0,0.0,0.0,0.0,
2024-02-05,Abendessen,411.0,12.3,5.1,0.0,0.0,0.0,0.0,1.1,221.0,15.4,1.8,10.6,50.5,0.0,0.0,0.0,0.0,
2024-02-05,Frühstück,674.5,13.4,8.3,0.0,0.0,0.0,0.0,641.6,208.0,27.3,0.2,20.7,111.8,0.0,49.0,80.6,0.0,
2024-02-06,Abendessen,691.8,10.1,3.4,0.0,0.0,0.0,0.0,0.0,0.0,72.0,0.0,0.0,65.7,0.0,0.0,0.0,0.0,
2024-02-06,Frühstück,590.0,9.6,6.2,0.0,0.0,0.0,0.0,640.3,208.0,24.7,0.0,21.8,110.1,0.0,0.0,16.6,0.0,
2024-02-07,Frühstück,216.0,0.9,0.5,0.0,0.0,0.0,0.0,0.3,0.0,2.8,0.0,1.3,50.0,0.0,0.0,0.0,0.0,
2024-02-07,Mittagessen,971.0,25.5,11.3,0.0,0.0,0.0,0.0,673.8,991.0,60.2,8.7,30.1,125.9,0.0,126.0,22.6,12.0,
2024-02-08,Frühstück,931.5,16.7,10.6,0.0,0.0,0.0,0.0,640.5,208.0,35.5,0.0,28.6,158.3,0.0,19.0,50.6,0.0,
2024-02-09,Mittagessen,628.0,9.2,5.6,0.0,0.0,0.0,0.0,640.0,208.0,41.7,1.6,7.6,93.9,0.0,38.0,84.6,0.0,
2024-02-16,Mittagessen,602.5,12.3,3.0,0.0,0.0,0.0,0.0,0.3,0.0,29.7,0.0,13.6,92.0,0.0,19.0,34.0,0.0,
2024-02-17,Frühstück,904.0,57.4,6.4,0.0,0.0,0.0,0.0,0.0,375.0,62.9,3.2,1.2,37.2,0.0,0.0,0.0,0.0,
2024-02-18,Frühstück,1440.0,72.8,13.8,0.0,0.0,0.0,0.0,640.2,583.0,115.1,3.2,42.6,83.6,0.0,0.0,16.6,0.0,
2024-02-19,Mittagessen,768.5,14.8,9.9,0.0,0.0,0.0,0.0,640.2,208.0,32.7,0.0,27.3,123.4,0.0,19.0,50.6,0.0,
2024-02-20,Frühstück,620.1,14.3,9.3,0.0,0.0,0.0,0.0,0.0,0.0,51.3,7.2,4.8,73.0,0.0,0.0,0.0,0.0,
2024-02-21,Frühstück,690.0,11.8,7.6,0.0,0.0,0.0,0.0,641.0,208.0,19.9,0.1,15.7,123.6,0.0,15.0,31.6,0.0,
2024-02-22,Abendessen,768.0,46.8,10.5,0.0,0.0,0.0,0.0,876.0,0.0,15.6,5.4,5.1,73.5,195.0,0.0,0.0,0.0,
2024-02-22,Mittagessen,711.7,13.0,8.5,0.0,0.0,0.0,0.0,640.0,208.0,35.4,1.8,20.5,112.2,0.0,19.0,50.6,0.0,
2024-02-23,Mittagessen,829.2,19.8,8.0,0.0,0.0,0.0,0.0,640.2,208.0,42.1,1.8,16.2,116.6,0.0,0.0,16.6,0.0,
2024-02-24,Abendessen,392.3,15.5,10.4,0.0,0.0,0.0,0.0,1.5,0.0,22.9,0.0,8.5,40.4,0.0,0.0,0.0,0.0,
2024-02-24,Frühstück,1663.3,58.3,23.7,0.0,0.0,0.0,0.0,640.8,208.0,107.9,0.0,37.5,172.9,0.0,38.0,84.6,0.0,
2024-02-25,Frühstück,1462.6,35.5,22.3,0.0,0.0,0.0,0.0,641.1,208.0,120.2,4.8,30.4,165.3,0.0,19.0,50.6,0.0,
2024-02-26,Frühstück,1952.2,45.6,20.2,2.2,0.4,0.0,0.0,646.6,646.0,194.4,32.6,71.5,208.1,4.5,199.0,58.4,31.8,
2024-02-26,Snacks,357.0,5.1,3.1,0.5,0.2,0.0,45.0,507.6,355.5,23.1,0.0,7.2,51.4,0.0,0.0,1.5,12.0,
2024-02-27,Snacks,213.0,13.0,1.6,0.0,0.0,0.0,0.0,0.0,0.0,14.0,0.0,0.0,6.0,0.0,0.0,0.0,0.0,
2024-02-29,Abendessen,1123.7,35.5,12.1,4.8,9.2,0.1,327.7,1792.8,889.1,111.6,10.4,24.7,98.8,3.5,0.0,19.7,15.6,
2024-02-29,Mittagessen,546.5,12.5,4.5,0.0,0.0,0.0,0.0,0.4,0.0,33.8,4.6,20.7,75.8,0.0,19.0,34.0,0.0,
2024-03-01,Frühstück,1051.8,27.3,12.6,0.0,0.0,0.0,0.0,641.1,208.0,69.4,2.8,35.0,129.9,0.0,19.0,50.6,0.0,
2024-03-01,Snacks,184.0,4.4,0.0,0.0,0.0,0.0,0.0,0.0,0.0,34.8,0.0,26.4,1.4,0.0,0.0,0.0,0.0,
2024-03-02,Snacks,642.0,8.8,1.2,0.0,0.0,0.0,0.0,0.4,0.0,104.6,6.0,34.6,38.6,0.0,0.0,0.0,0.0,
2024-03-03,Mittagessen,1414.0,59.4,16.4,0.0,0.0,0.0,0.0,880.0,0.0,124.4,3.2,8.2,91.6,0.0,0.0,0.0,0.0,
2024-03-04,Abendessen,1924.0,63.5,8.8,0.0,0.0,0.0,0.0,1.0,1660.0,216.3,14.3,67.6,129.2,0.0,60.0,0.0,0.0,
2024-03-05,Abendessen,397.9,10.7,6.9,0.0,0.0,0.0,0.0,0.2,0.0,39.6,1.6,8.6,35.7,0.0,0.0,0.0,0.0,
2024-03-05,Mittagessen,834.0,15.5,2.8,0.0,0.0,0.0,0.0,0.6,0.0,40.3,0.0,7.2,126.3,0.0,0.0,0.0,0.0,
2024-03-06,Mittagessen,918.0,8.8,4.4,0.0,0.0,0.0,0.0,0.4,0.0,20.8,0.0,16.0,181.6,0.0,0.0,0.0,0.0,
2024-03-07,Abendessen,306.0,2.1,0.3,0.0,0.0,0.0,0.0,0.0,0.0,0.0,0.0,0.0,69.0,0.0,0.0,0.0,0.0,
2024-03-07,Frühstück,720.5,9.8,6.5,0.0,0.0,0.0,0.0,0.4,0.0,36.1,0.0,28.3,118.4,0.0,19.0,34.0,0.0,
2024-04-03,Abendessen,1124.4,24.7,8.4,1.0,7.8,0.0,0.0,721.7,1660.0,119.3,11.5,93.0,165.9,1.2,60.0,0.0,0.0,
2024-04-03,Frühstück,656.5,8.8,6.1,0.0,0.0,0.0,0.0,1040.0,0.0,57.7,0.0,40.3,86.6,0.0,19.0,34.0,0.0,
2024-04-04,Abendessen,968.0,10.3,3.4,0.0,0.0,0.0,0.0,1.5,1660.0,130.5,11.5,92.2,150.1,0.0,60.0,0.0,0.0,
2024-04-04,Mittagessen,691.8,13.9,9.0,0.0,0.0,0.0,0.0,540.0,0.0,54.3,1.4,35.5,87.6,0.0,19.0,34.0,0.0,
2024-04-05,Abendessen,1400.6,62.8,14.3,0.0,0.0,0.0,0.0,3124.0,1660.0,134.5,24.1,20.1,86.8,455.0,60.0,0.0,0.0,
2024-04-05,Mittagessen,396.5,8.0,5.3,0.0,0.0,0.0,0.0,0.0,0.0,36.9,0.0,19.5,44.2,0.0,19.0,34.0,0.0,
2024-04-07,Abendessen,1046.0,48.1,15.2,0.0,0.0,0.0,45.0,980.0,0.0,96.0,0.0,2.2,54.3,0.0,0.0,2.0,4.0,
2024-04-17,Abendessen,1655.3,83.6,19.9,0.0,0.0,0.0,0.0,357.5,1660.0,113.4,11.5,20.5,119.4,0.0,79.0,34.0,0.0,
2024-04-18,Abendessen,1012.8,47.4,14.9,0.0,0.0,0.0,0.0,359.0,1328.0,88.2,9.2,84.8,119.7,0.0,48.0,0.0,0.0,
2024-04-18,Mittagessen,931.5,33.2,19.1,0.0,0.0,0.0,0.0,0.0,0.0,59.0,0.0,26.7,100.6,0.0,19.0,34.0,0.0,
2024-04-22,Mittagessen,2032.8,65.5,24.3,0.2,0.0,28.0,0.0,4654.2,2862.4,208.2,28.8,72.8,170.5,5.4,103.3,19.0,4.9,
2024-04-23,Frühstück,689.8,14.4,5.3,0.2,0.0,0.0,0.0,12.4,844.8,71.8,12.2,31.8,75.5,10.0,34.2,1.2,3.4,
2024-04-24,Mittagessen,2051.8,75.1,13.5,0.2,0.0,0.0,0.0,12.4,2504.8,194.1,23.7,58.6,157.5,10.0,94.2,1.2,3.4,
2024-05-21,Abendessen,1507.3,44.2,27.4,0.0,0.0,0.0,0.0,3745.2,0.0,91.1,12.2,23.8,193.8,0.0,0.0,0.0,0.0,
2024-05-21,Mittagessen,213.5,1.8,0.0,0.0,0.0,0.0,0.0,0.0,0.0,17.2,0.0,0.0,35.0,0.0,0.0,0.0,0.0,
2024-05-23,Abendessen,1731.5,82.0,19.9,0.2,0.0,0.0,0.0,2.4,844.8,110.7,7.0,31.5,142.4,10.0,34.2,1.2,3.4,
2024-06-02,Frühstück,1680.8,9.7,2.9,0.1,0.0,0.0,0.0,3.8,464.8,171.0,3.1,150.3,222.5,5.0,36.1,36.6,1.8,
2024-06-03,Frühstück,520.3,9.3,2.5,0.0,0.0,0.0,0.0,0.0,0.0,48.3,0.0,12.8,59.6,0.0,38.0,68.0,0.0,
2024-06-03,Snacks,964.0,46.4,22.4,0.0,0.0,0.0,0.0,400.0,0.0,28.0,0.0,14.0,116.0,0.0,0.0,0.0,0.0,
2024-06-04,Mittagessen,945.7,18.8,12.4,0.1,0.0,0.0,0.0,841.2,630.4,62.1,3.1,40.7,137.1,5.0,36.1,51.2,1.7,
2024-06-05,Snacks,393.8,5.8,0.3,0.0,0.0,0.0,0.0,0.0,0.0,52.2,0.3,18.8,31.4,0.0,109.0,34.0,0.0,
2024-06-12,Frühstück,450.5,8.6,0.3,0.0,0.0,0.0,0.0,0.0,0.0,40.8,3.5,0.7,52.7,0.0,38.1,70.6,3.2,
2024-06-12,Mittagessen,925.5,26.0,13.3,0.0,0.0,0.0,0.0,1280.0,416.0,73.3,2.0,26.3,103.8,0.0,19.0,67.2,0.0,
2024-06-13,Abendessen,165.0,5.2,0.0,0.0,0.0,0.0,0.0,0.0,0.0,12.0,0.0,0.0,20.0,0.0,0.0,0.0,0.0,
2024-06-13,Mittagessen,1234.8,30.9,13.7,0.0,0.0,0.0,0.0,1280.0,416.0,104.5,7.3,27.0,137.5,0.0,57.1,139.1,4.8,
2024-06-14,Abendessen,2041.8,75.3,22.7,0.0,0.0,0.0,0.0,2000.0,416.0,87.5,5.3,29.4,256.9,0.0,57.1,139.1,4.8,
2024-06-16,Mittagessen,880.0,62.8,24.8,0.0,0.0,0.0,0.0,0.0,0.0,40.8,0.0,0.0,40.0,0.0,0.0,0.0,0.0,
2024-06-17,Mittagessen,935.6,15.5,4.0,0.0,0.0,0.0,0.0,0.1,0.0,103.3,5.3,61.5,92.7,0.0,19.1,37.9,4.8,
2024-06-18,Abendessen,165.0,5.2,0.0,0.0,0.0,0.0,0.0,0.0,0.0,12.0,0.0,0.0,20.0,0.0,0.0,0.0,0.0,
2024-06-18,Mittagessen,1166.8,27.5,8.4,0.1,0.0,0.0,0.0,641.2,630.4,98.5,8.4,34.4,136.8,5.0,36.2,55.1,6.5,
2024-06-19,Abendessen,1210.8,47.3,8.3,0.0,0.0,0.0,0.0,640.0,208.0,71.5,5.3,20.0,128.2,0.0,19.1,54.5,4.8,
2024-06-22,Mittagessen,1604.5,62.7,32.9,0.0,0.0,0.0,0.0,2.1,0.0,181.2,13.3,4.2,84.3,0.0,0.1,3.9,4.8,
2024-06-28,Frühstück,2812.8,119.7,43.9,0.0,0.0,0.0,0.0,1680.0,208.0,124.9,5.3,75.2,310.2,0.0,19.1,54.5,4.8,
2024-07-01,Mittagessen,819.8,32.0,8.3,0.0,0.0,0.0,0.0,640.0,208.0,59.5,5.3,20.0,74.2,0.0,19.1,54.5,4.8,
2024-07-31,Frühstück,976.6,27.0,6.2,0.0,0.0,0.0,0.0,0.0,0.0,90.9,8.4,18.0,89.9,0.0,19.1,37.9,4.8,
2024-09-07,Mittagessen,830.3,33.6,17.9,0.0,0.0,0.0,0.0,52.8,10.9,56.0,0.0,51.9,76.5,0.0,19.2,34.1,0.5,
2024-09-19,Mittagessen,309.5,3.8,2.5,0.0,0.0,0.0,0.0,0.0,0.0,15.3,0.0,12.3,52.8,0.0,19.0,34.0,0.0,
2024-09-24,Mittagessen,1149.8,62.1,24.5,0.0,0.0,0.0,0.0,1577.5,208.0,36.7,0.0,21.6,108.4,0.0,19.0,50.6,0.0,
2024-09-26,Abendessen,150.0,5.0,0.0,0.0,0.0,0.0,0.0,0.0,0.0,15.0,0.0,0.0,1.0,0.0,0.0,0.0,0.0,
2024-09-26,Mittagessen,974.5,27.0,7.9,0.0,0.0,0.0,0.0,640.0,208.0,64.3,0.0,19.3,99.8,0.0,19.0,50.6,0.0,
2024-09-26,Snacks,461.0,25.0,2.0,0.0,0.0,0.0,0.0,0.0,0.0,43.2,0.0,28.8,11.3,0.0,0.0,0.0,0.0,
2024-10-16,Abendessen,1579.5,83.5,11.7,0.0,0.0,0.0,0.0,0.0,0.0,92.9,0.0,46.9,106.5,0.0,38.0,68.0,0.0,
2024-10-17,Mittagessen,345.5,7.0,4.3,0.0,0.0,0.0,0.0,0.0,0.0,36.3,0.0,25.3,33.8,0.0,69.0,34.0,0.0,
2024-11-04,Abendessen,753.0,35.4,10.8,0.0,0.0,0.0,0.0,6540.0,0.0,61.8,16.8,9.0,57.6,0.0,0.0,0.0,0.0,
2024-11-04,Mittagessen,299.5,3.9,2.5,0.0,0.0,0.0,0.0,0.0,0.0,20.3,0.0,12.3,42.4,0.0,19.0,34.0,0.0,
2024-11-05,Mittagessen,1074.5,39.2,13.3,0.0,0.0,0.0,0.0,6540.0,0.0,77.1,16.8,21.3,117.0,0.0,19.0,34.0,0.0,
2024-11-06,Abendessen,414.5,3.8,2.5,0.0,0.0,0.0,0.0,0.0,0.0,15.3,0.0,12.3,80.1,0.0,19.0,34.0,0.0,
2024-11-07,Frühstück,89.0,0.1,0.0,0.0,0.0,0.0,0.0,0.0,0.0,5.0,0.0,0.0,13.6,0.0,0.0,0.0,0.0,
2024-11-08,Abendessen,389.3,18.3,4.0,2.0,10.9,0.1,10.7,228.6,102.7,46.8,2.6,0.8,11.6,6.1,5.5,12.3,11.3,
2024-11-08,Mittagessen,809.8,22.1,6.5,2.0,10.9,0.1,10.7,228.6,102.7,62.1,2.6,13.1,95.0,6.1,24.5,46.3,11.3,
2024-11-09,Abendessen,701.3,22.8,5.7,2.0,10.9,0.1,10.7,228.6,102.7,57.0,2.6,1.5,71.3,6.1,5.5,12.3,11.3,
2024-11-09,Frühstück,292.3,15.0,2.0,0.0,0.0,0.0,0.0,0.0,75.0,30.2,1.6,0.6,10.4,0.0,0.0,0.0,0.0,
2024-11-09,Mittagessen,210.5,3.8,2.5,0.0,0.0,0.0,0.0,0.0,0.0,15.3,0.0,12.3,28.8,0.0,19.0,34.0,0.0,
2024-11-10,Frühstück,1252.3,30.0,2.0,0.0,0.0,0.0,0.0,0.0,75.0,50.2,1.6,0.6,215.0,0.0,0.0,0.0,0.0,
2024-11-11,Abendessen,822.5,34.9,1.8,0.0,0.0,0.0,0.0,1.9,1328.0,100.5,9.2,3.6,29.2,0.0,48.0,0.0,0.0,
2024-11-11,Frühstück,502.8,18.8,4.5,0.0,0.0,0.0,0.0,0.0,75.0,45.5,1.6,12.9,39.2,0.0,19.0,34.0,0.0,
2024-11-12,Abendessen,670.0,15.5,2.5,0.0,0.0,0.0,0.0,0.0,0.0,54.0,10.0,3.0,85.6,0.0,0.0,0.0,0.0,
2024-11-12,Mittagessen,210.5,3.8,2.5,0.0,0.0,0.0,0.0,0.0,0.0,15.3,0.0,12.3,28.8,0.0,19.0,34.0,0.0,
2024-11-13,Abendessen,880.5,19.3,5.0,0.0,0.0,0.0,0.0,0.0,0.0,69.3,10.0,15.3,114.4,0.0,19.0,34.0,0.0,
2024-11-14,Mittagessen,720.5,20.6,4.0,0.0,0.0,0.0,0.0,0.0,0.0,61.3,6.0,14.1,75.2,0.0,19.0,34.0,0.0,
2024-11-15,Abendessen,987.0,11.2,4.2,0.0,0.0,0.0,0.0,0.0,0.0,0.0,0.0,0.0,224.0,0.0,0.0,0.0,0.0,
2024-11-15,Mittagessen,210.5,3.8,2.5,0.0,0.0,0.0,0.0,0.0,0.0,15.3,0.0,12.3,28.8,0.0,19.0,34.0,0.0,
2024-11-16,Mittagessen,560.5,16.1,5.0,0.0,0.0,0.0,0.0,0.0,0.0,62.6,0.0,24.6,40.1,0.0,19.0,34.0,0.0,
2024-11-17,Mittagessen,1417.5,33.3,0.0,0.0,0.0,0.0,0.0,0.0,0.0,209.8,0.0,0.0,54.7,0.0,0.0,0.0,0.0,
2024-11-18,Mittagessen,530.5,5.8,2.5,0.0,0.0,0.0,0.0,0.0,0.0,75.3,0.0,12.3,38.8,0.0,19.0,34.0,0.0,
2024-11-19,Mittagessen,882.5,21.8,5.5,0.0,0.0,0.0,0.0,5.3,0.0,97.5,0.0,21.9,69.0,0.0,19.0,34.0,0.0,
2024-11-21,Snacks,1114.5,25.8,4.7,0.0,0.0,0.0,0.0,2.7,1328.0,125.5,9.2,16.1,96.5,0.0,67.0,34.0,0.0,
2024-11-22,Mittagessen,523.5,4.7,2.9,0.0,0.0,0.0,0.0,0.8,0.0,36.3,0.0,12.5,79.4,0.0,19.0,34.0,0.0,
2024-12-08,Abendessen,1718.5,81.3,39.1,0.0,0.0,0.0,0.0,171.9,0.0,107.6,0.0,12.8,128.2,0.0,0.0,0.0,0.0,
2024-12-27,Frühstück,1785.5,32.4,3.8,1.8,15.4,0.0,0.0,0.1,0.0,168.4,10.0,4.9,209.4,2.5,19.0,49.0,0.0,
2025-01-10,Abendessen,403.5,3.0,1.0,0.0,0.0,0.0,0.0,0.1,0.0,8.0,0.0,4.9,84.4,0.0,19.0,49.0,0.0,
2025-01-17,Abendessen,1195.0,42.8,9.5,0.0,0.0,0.0,0.0,0.3,664.0,71.0,5.6,26.2,131.4,83.0,43.0,49.0,0.0,
2025-01-18,Mittagessen,1983.5,69.1,21.6,0.5,3.3,0.0,225.9,337.4,1363.1,161.3,15.7,62.3,166.3,10.5,6.3,33.0,2.8,
2025-01-24,Mittagessen,375.0,7.0,1.5,0.0,0.0,0.0,0.0,0.7,0.0,5.0,0.0,2.5,80.0,0.0,0.0,0.0,0.0,
2025-02-03,Abendessen,1090.0,40.9,9.4,0.0,0.0,0.0,0.0,0.1,1328.0,69.1,9.2,5.7,118.4,0.0,67.0,49.0,0.0,
2025-02-06,Snacks,1499.8,43.7,14.1,0.0,0.0,0.0,0.0,220.2,0.0,70.0,8.2,22.9,215.4,0.0,0.0,0.0,0.0,
2025-02-07,Frühstück,776.3,39.8,14.3,0.0,0.0,0.0,0.0,20.7,35.0,33.3,12.8,1.8,83.5,0.0,0.0,1.8,0.3,
2025-02-11,Abendessen,1278.5,50.4,29.2,1.3,4.4,0.4,70.6,402.4,262.2,86.1,0.6,20.3,118.1,12.2,20.6,6.1,7.3,
2025-02-11,Frühstück,349.0,14.4,5.9,0.0,0.0,0.0,0.0,0.1,0.0,21.4,5.8,0.6,36.6,0.0,0.0,0.0,0.0,
2025-02-12,Frühstück,1319.6,47.0,23.3,0.0,0.0,0.0,0.0,3220.7,35.0,52.9,12.8,15.8,179.1,0.0,0.0,1.8,0.3,
2025-02-13,Mittagessen,2121.3,99.7,33.5,0.0,0.0,0.0,0.0,1620.8,1031.0,113.8,25.5,14.4,209.9,0.0,36.0,1.8,0.3,
2025-02-14,Frühstück,1065.3,47.9,19.7,0.0,0.0,0.0,0.0,1620.7,35.0,45.3,12.8,8.8,122.1,0.0,0.0,1.8,0.3,
2025-02-26,Frühstück,2058.8,89.4,32.2,0.0,0.0,0.0,76.0,3400.4,912.0,97.7,35.5,22.6,209.9,0.0,0.0,0.0,0.0,
2025-02-27,Frühstück,1846.0,68.6,23.2,0.0,0.0,0.0,76.0,1800.2,912.0,69.6,21.5,33.9,223.1,0.0,0.0,0.0,0.0,
2025-02-28,Frühstück,2607.2,85.4,32.1,7.8,28.6,0.8,73.8,3658.0,684.4,278.8,10.8,43.5,193.0,27.8,40.4,65.8,54.0,
2025-03-03,Frühstück,2372.5,82.2,21.5,0.0,0.0,0.0,146.0,2510.2,770.0,133.7,5.3,53.3,273.9,0.0,0.0,0.0,0.0,
2025-03-04,Frühstück,1895.1,99.8,37.0,0.0,0.0,0.0,45.0,4407.5,0.0,42.6,0.0,18.0,200.4,0.0,0.0,2.0,4.0,
2025-03-05,Abendessen,871.3,23.8,3.7,0.0,0.0,0.0,219.0,0.0,1819.0,39.7,4.6,6.4,119.5,0.0,24.0,0.0,0.0,
2025-03-05,Frühstück,894.0,38.1,17.4,0.0,0.0,0.0,0.0,3200.0,0.0,20.2,0.0,14.0,113.6,0.0,0.0,0.0,0.0,
2025-03-05,Mittagessen,153.0,11.0,3.3,0.0,0.0,0.0,0.0,0.0,0.0,0.6,0.0,0.0,13.0,0.0,0.0,0.0,0.0,
2025-03-06,Frühstück,1750.0,70.0,16.1,0.0,0.0,0.0,0.0,3200.2,664.0,97.2,4.6,39.9,181.0,0.0,24.0,0.0,0.0,
2025-03-06,Mittagessen,306.0,22.0,6.6,0.0,0.0,0.0,0.0,0.0,0.0,1.2,0.0,0.0,26.0,0.0,0.0,0.0,0.0,
2025-03-07,Abendessen,2344.8,71.9,19.3,3.6,20.4,0.0,0.0,1648.8,481.6,250.0,6.8,33.4,139.1,0.0,9.2,6.4,18.4,
2025-03-10,Frühstück,1983.3,91.7,36.1,0.0,0.0,0.0,0.0,3200.8,664.0,106.9,5.2,40.9,186.4,0.0,24.0,0.0,0.0,
2025-03-11,Frühstück,1717.0,68.0,13.8,0.0,0.0,0.0,0.0,3420.0,0.0,149.4,8.2,16.3,139.0,0.0,0.0,0.0,8.0,
2025-03-12,Frühstück,2210.6,102.1,25.0,0.0,0.0,0.0,0.0,3310.0,0.0,136.3,4.1,15.6,192.4,0.0,0.0,0.0,8.0,
2025-03-13,Frühstück,2040.0,84.6,20.7,0.0,0.0,0.0,0.0,3200.2,0.0,135.6,0.0,33.6,184.7,0.0,0.0,0.0,8.0,
2025-03-14,Abendessen,568.2,33.3,10.5,4.2,12.3,0.0,90.6,1478.4,304.8,1.4,0.0,0.3,39.8,0.0,0.0,2.1,6.3,
2025-03-14,Frühstück,1276.0,52.4,22.2,0.0,0.0,0.0,0.0,3310.0,0.0,65.3,4.1,15.2,137.7,0.0,0.0,0.0,0.0,
2025-03-15,Frühstück,2057.5,74.6,20.9,0.0,0.0,0.0,0.0,3200.2,0.0,159.2,0.0,33.5,177.2,0.0,0.0,0.0,0.0,
2025-03-16,Frühstück,798.6,41.6,17.4,0.0,0.0,0.0,0.0,3200.0,0.0,25.7,0.0,14.0,79.9,0.0,0.0,0.0,0.0,
2025-03-17,Frühstück,1772.0,76.6,22.2,0.0,0.0,0.0,0.0,3310.0,0.0,95.7,4.1,15.3,177.8,0.0,0.0,0.0,0.0,
2025-03-19,Frühstück,1090.0,30.6,15.6,0.0,0.0,0.0,0.0,3310.0,0.0,93.5,4.1,15.3,111.8,0.0,0.0,0.0,0.0,
2025-03-20,Frühstück,2248.0,109.1,27.6,14.0,30.8,0.0,0.0,3200.0,664.0,168.0,4.6,30.6,149.0,0.0,24.0,0.0,0.0,
2025-03-21,Frühstück,1550.0,66.6,55.4,20.2,49.3,0.2,237.3,3482.5,158.0,61.2,0.5,14.1,167.7,0.0,3.5,3.0,6.0,
2025-03-24,Frühstück,1062.0,27.1,19.0,0.0,0.0,0.0,0.0,110.0,0.0,96.4,4.1,18.8,108.8,0.0,0.0,0.0,0.0,
2025-03-26,Frühstück,1795.0,71.0,30.7,0.0,0.0,0.0,0.0,0.0,0.0,83.9,0.0,17.7,199.8,0.0,0.0,0.0,0.0,
2025-03-27,Frühstück,2018.8,69.5,25.8,0.9,0.2,0.0,0.0,3322.0,580.0,125.5,12.1,34.9,205.1,4.0,260.0,10.0,16.0,
2025-03-28,Frühstück,1134.0,38.5,17.4,0.0,0.0,0.0,0.0,3200.0,0.0,79.0,0.0,14.2,113.8,0.0,0.0,0.0,0.0,
2025-03-31,Frühstück,937.0,19.6,12.3,0.0,0.0,0.0,0.0,3310.0,0.0,92.9,4.1,15.3,98.8,0.0,0.0,0.0,0.0,
2025-04-02,Frühstück,2231.0,80.9,21.7,5.0,4.0,0.0,219.0,3280.0,1155.0,140.6,4.0,15.2,231.3,0.0,0.0,0.0,0.0,
2025-04-03,Frühstück,1572.0,61.6,30.8,0.0,0.0,0.0,0.0,3310.5,0.0,110.4,4.9,17.1,151.3,0.0,0.0,0.0,0.0,
2025-04-04,Frühstück,580.0,17.5,6.3,0.0,0.0,0.0,0.0,220.0,0.0,65.2,8.2,2.3,48.7,0.0,0.0,0.0,0.0,
2025-04-07,Frühstück,1572.0,61.6,30.8,0.0,0.0,0.0,0.0,3310.5,0.0,110.4,4.9,17.1,151.3,0.0,0.0,0.0,0.0,
2025-04-08,Frühstück,2380.0,73.5,31.0,0.0,0.0,0.0,0.0,3200.2,0.0,165.1,0.0,33.7,226.8,0.0,0.0,0.0,0.0,
2025-04-09,Frühstück,1927.3,58.8,29.2,0.0,0.0,0.0,0.0,3420.5,0.0,125.2,9.0,18.2,212.9,0.0,0.0,0.0,0.0,
2025-04-10,Frühstück,1674.0,45.9,16.2,0.0,0.0,0.0,0.0,3420.0,0.0,111.9,8.2,18.7,193.6,0.0,0.0,0.0,0.0,
2025-04-15,Frühstück,1756.0,63.7,25.5,0.0,0.0,0.0,0.0,3310.0,372.0,114.6,6.4,15.3,152.9,0.0,0.0,0.0,0.0,
2025-04-16,Frühstück,1923.1,70.3,29.4,0.0,0.0,0.0,0.0,3270.0,600.0,137.6,10.7,19.0,167.5,12.5,19.2,5.6,13.0,
2025-04-17,Frühstück,330.3,19.1,7.3,0.0,0.0,0.0,0.0,0.0,0.0,19.6,0.6,1.4,26.5,0.0,0.0,0.0,0.0,
2025-04-18,Frühstück,1786.4,53.4,18.4,0.0,0.0,0.0,0.0,1900.2,0.0,153.0,3.2,39.5,169.8,0.0,0.0,45.0,0.0,
2025-04-19,Frühstück,1346.0,67.9,38.2,0.0,0.0,0.0,0.0,0.0,0.0,117.1,0.0,72.0,64.9,0.0,0.0,0.0,0.0,
2025-04-21,Frühstück,1688.4,78.8,25.9,0.0,0.0,0.0,0.0,1900.2,0.0,65.6,1.9,26.1,178.2,0.0,0.0,45.0,0.0,
2025-04-22,Frühstück,1666.0,63.4,24.3,0.0,0.0,0.0,0.0,3340.2,0.0,80.1,9.8,41.5,204.0,0.0,0.0,0.0,1.0,
2025-04-23,Frühstück,1491.0,39.2,17.4,0.0,0.0,0.0,0.0,3340.3,1341.0,75.3,12.1,17.2,188.6,0.0,0.0,0.0,0.0,
2025-04-25,Frühstück,1881.2,71.5,23.5,0.0,0.0,0.0,0.0,3570.0,148.8,66.2,6.4,23.0,242.0,0.0,0.0,0.0,0.0,
2025-04-27,Frühstück,1258.9,37.7,2.8,0.0,0.0,0.0,0.0,300.0,0.0,95.8,1.9,14.9,133.4,0.0,0.0,0.0,0.0,
2025-04-28,Frühstück,289.3,11.6,5.5,0.0,0.0,0.0,0.0,70.0,0.0,34.9,5.5,3.0,23.5,0.0,0.0,0.0,0.0,
2025-05-06,Frühstück,1735.4,66.3,26.6,0.0,0.0,0.0,0.0,3572.1,0.0,102.9,5.3,19.6,186.7,0.0,0.0,0.0,0.0,
2025-05-07,Frühstück,1535.4,58.3,21.2,0.0,0.0,0.0,0.0,1972.1,0.0,95.9,5.3,12.6,161.7,0.0,0.0,0.0,0.0,
2025-05-08,Frühstück,1687.4,48.5,18.7,0.0,0.0,0.0,0.0,3572.6,0.0,128.1,5.3,21.3,186.9,0.0,0.0,0.0,0.0,
2025-05-09,Frühstück,1360.8,45.7,18.3,0.0,0.0,0.0,0.0,3272.6,0.0,112.7,5.3,18.8,128.3,0.0,0.0,0.0,0.0,
2025-05-15,Frühstück,2012.1,81.1,25.3,0.0,0.0,0.0,0.0,631.0,0.0,182.6,8.1,14.6,161.3,0.0,0.0,0.0,0.0,
2025-05-16,Frühstück,1869.1,65.5,11.4,0.0,0.0,0.0,0.0,0.3,520.8,131.5,3.8,25.2,153.6,0.0,0.0,0.0,0.0,
2025-05-17,Mittagessen,573.0,18.2,0.0,0.0,0.0,0.0,0.0,0.0,0.0,60.0,0.0,0.1,51.1,0.0,0.0,0.0,0.0,
2025-05-18,Frühstück,316.6,4.6,0.6,0.0,0.0,0.0,0.0,300.0,0.0,6.2,0.0,6.0,62.2,0.0,0.0,0.0,0.0,
2025-05-19,Frühstück,498.3,22.6,6.8,0.0,0.0,0.0,0.0,0.1,0.0,48.3,0.6,2.6,40.0,0.0,0.0,0.0,0.0,
2025-05-20,Frühstück,1959.6,78.7,25.8,0.0,0.0,0.0,0.0,370.1,0.0,146.4,7.4,9.7,175.3,0.0,0.0,0.0,0.0,
2025-05-21,Frühstück,2479.2,116.8,33.7,0.0,0.0,0.0,0.0,370.1,297.6,109.3,6.7,6.6,231.3,0.0,0.0,0.0,0.0,
2025-05-22,Frühstück,1060.3,30.0,17.6,0.0,0.0,0.0,0.0,3200.1,0.0,105.8,0.6,16.8,100.7,0.0,0.0,0.0,0.0,
2025-05-26,Abendessen,2163.8,94.0,32.9,0.0,0.0,0.0,0.0,3216.1,0.0,144.1,1.8,22.9,193.2,0.0,0.0,0.0,0.0,
2025-05-28,Frühstück,862.2,43.4,19.3,0.0,0.0,0.0,0.0,0.0,0.0,76.6,2.4,5.6,67.0,0.0,0.0,0.0,0.0,
2025-05-30,Frühstück,846.6,27.6,11.3,0.0,0.0,0.0,0.0,0.0,0.0,97.4,1.2,3.0,64.2,0.0,0.0,0.0,0.0,
2025-06-02,Frühstück,2375.3,127.8,44.4,0.0,0.0,0.0,0.0,3200.1,0.0,130.6,0.6,25.7,183.8,0.0,0.0,0.0,0.0,
2025-06-03,Abendessen,654.9,3.8,1.3,0.0,0.0,0.0,0.0,1.8,446.4,37.6,3.1,4.8,76.3,0.0,0.0,0.0,0.0,
2025-06-03,Frühstück,1166.3,53.6,22.3,0.0,0.0,0.0,0.0,3200.0,0.0,58.2,0.6,18.7,118.1,0.0,0.0,0.0,0.0,
2025-06-04,Abendessen,204.9,5.5,1.8,0.0,0.0,0.0,0.0,0.0,0.0,2.0,0.1,0.9,35.1,0.0,0.0,0.0,0.0,
2025-06-04,Frühstück,1543.9,58.6,26.1,0.0,0.0,8.4,0.0,4400.0,595.2,65.8,4.4,16.9,146.0,0.0,0.0,0.0,0.0,
2025-06-05,Frühstück,2367.4,133.1,63.5,0.0,0.0,2.8,99.0,4018.0,178.6,86.5,14.4,28.8,208.7,0.0,0.0,0.0,0.0,
2025-06-06,Frühstück,1873.6,79.0,32.4,0.0,0.0,0.0,0.0,3200.0,0.0,54.4,1.2,16.8,245.0,0.0,0.0,0.0,0.0,
2025-06-07,Frühstück,1969.4,74.6,32.6,1.6,8.2,0.0,71.2,5272.6,1341.2,164.4,16.0,27.2,172.4,0.0,23.8,16.2,37.6,
2025-06-10,Frühstück,908.9,43.6,20.2,0.0,0.0,0.0,0.0,0.0,0.0,90.7,1.8,4.2,57.0,0.0,0.0,0.0,0.0,
2025-06-11,Frühstück,1665.6,52.8,21.1,0.0,0.0,0.0,0.0,4100.0,858.0,125.4,1.8,34.0,165.4,12.0,30.0,3.0,9.0,
2025-06-12,Frühstück,429.3,19.1,7.3,0.0,0.0,0.0,0.0,0.0,0.0,19.6,0.6,1.4,50.5,0.0,0.0,0.0,0.0,
2025-06-13,Frühstück,822.0,27.8,14.1,0.0,0.0,0.0,0.0,3200.1,0.0,24.6,0.0,23.8,117.0,0.0,0.0,0.0,0.0,
2025-06-14,Frühstück,354.6,16.2,8.0,0.0,0.0,0.0,0.0,0.0,0.0,38.0,1.2,2.8,27.0,0.0,0.0,0.0,0.0,
2025-06-16,Frühstück,1241.7,38.8,12.1,0.0,0.0,0.0,0.0,450.0,223.2,15.5,1.4,2.5,187.8,0.0,0.0,0.0,0.0,
2025-06-17,Frühstück,1451.1,37.9,8.2,8.1,3.1,0.3,38.4,846.0,607.0,81.6,6.9,43.4,180.1,81.8,131.9,6.9,12.7,
2025-06-18,Frühstück,1515.9,68.3,31.4,0.7,5.8,0.0,0.0,2412.5,0.0,11.9,0.0,10.5,209.1,0.9,0.0,0.0,0.0,
2025-06-19,Mittagessen,1485.6,29.9,10.1,0.0,0.0,0.0,0.0,1792.7,0.0,76.7,0.0,28.4,222.0,0.0,0.0,0.0,0.0,
2025-06-20,Mittagessen,905.0,24.8,9.2,0.0,0.0,0.0,0.0,1600.2,0.0,62.2,0.0,29.7,107.1,0.0,0.0,0.0,0.0,
2025-06-21,Frühstück,279.5,15.2,3.2,0.0,0.0,0.0,0.0,0.0,0.0,30.7,1.6,0.6,6.6,0.0,0.0,0.0,0.0,
2025-06-24,Mittagessen,1018.9,34.7,18.8,0.0,0.0,0.0,0.0,3200.1,0.0,78.1,1.2,26.9,110.7,0.0,0.0,0.0,0.0,
2025-06-25,Frühstück,810.3,20.0,11.8,0.0,0.0,0.0,0.0,3200.1,0.0,45.0,0.0,29.0,111.1,0.0,0.0,0.0,0.0,
2025-06-27,Frühstück,1616.5,60.0,27.6,4.8,12.8,0.0,0.0,3923.9,786.8,98.7,1.8,36.6,151.3,0.0,2.2,24.0,46.8,
2025-06-27,Mittagessen,111.0,7.0,3.3,0.0,0.0,0.0,0.0,0.0,0.0,10.3,0.0,8.6,1.7,0.0,0.0,0.0,0.0,
2025-07-01,Frühstück,687.5,34.3,24.8,0.0,0.0,0.0,0.0,235.5,0.0,22.6,0.0,22.6,71.0,0.0,0.0,33.0,0.0,
2025-07-01,Mittagessen,1047.3,26.6,3.7,0.5,0.1,0.0,0.0,156.0,290.0,84.9,10.6,25.2,120.6,2.0,130.0,5.0,8.0,
2025-07-03,Frühstück,1092.0,29.9,19.2,0.0,0.0,0.0,0.0,3514.2,0.0,34.2,0.0,33.7,168.2,0.0,0.0,44.0,0.0,
2025-07-04,Frühstück,1222.5,31.5,19.4,0.0,0.0,0.0,0.0,3514.2,0.0,34.2,0.0,33.7,196.0,0.0,0.0,44.0,0.0,
2025-07-05,Frühstück,1176.5,31.6,20.5,0.0,0.0,0.0,0.0,4957.0,0.0,37.1,1.0,21.1,183.4,0.0,0.0,22.0,0.0,
2025-07-06,Frühstück,354.0,20.4,13.8,0.0,0.0,0.0,0.0,1914.0,0.0,7.2,0.0,7.2,35.2,0.0,0.0,44.0,0.0,
2025-07-10,Frühstück,794.6,44.2,16.0,0.0,0.0,0.0,0.0,0.0,0.0,76.0,1.2,32.8,37.0,0.0,0.0,0.0,0.0,
2025-07-24,Frühstück,845.5,21.6,13.3,0.0,0.0,0.0,0.0,393.5,0.0,98.1,2.6,10.4,42.8,0.0,0.0,0.0,0.0,
2025-07-24,Mittagessen,438.0,3.0,0.0,0.0,0.0,0.0,0.0,0.0,0.0,30.0,0.0,0.0,72.0,0.0,0.0,0.0,0.0,
2025-07-25,Frühstück,1043.9,19.7,11.6,0.0,0.0,0.0,0.0,3743.7,0.0,46.5,0.8,36.3,170.8,0.0,0.0,0.0,0.0,
2025-07-26,Frühstück,1036.3,20.6,11.3,0.0,0.0,0.0,0.0,3350.2,0.0,46.6,0.0,37.1,162.6,0.0,0.0,0.0,0.0,
2025-07-27,Frühstück,982.8,9.2,1.0,0.5,3.9,0.0,0.0,2225.2,0.0,75.6,0.0,29.9,140.1,0.6,0.0,0.0,0.0,
2025-07-28,Frühstück,1095.6,6.2,1.5,0.0,0.0,0.0,0.0,301.2,0.0,35.7,0.0,2.7,161.7,0.0,0.0,0.0,0.0,
2025-07-29,Frühstück,522.3,9.8,3.3,1.0,2.7,0.0,246.0,81.0,83.0,23.5,0.0,23.1,81.1,0.0,0.0,0.0,0.0,
2025-07-30,Frühstück,1158.6,28.0,28.0,1.0,2.7,0.0,246.0,331.2,226.0,78.3,0.3,21.3,144.8,2.0,5.0,0.5,1.5,
2025-07-31,Frühstück,1047.6,21.1,25.8,0.0,0.0,0.0,0.0,150.2,0.0,74.3,0.0,23.1,136.3,0.0,0.0,0.0,0.0,
2025-08-01,Frühstück,888.9,9.0,2.6,0.0,0.0,0.0,0.0,787.2,0.0,38.8,0.0,20.4,160.5,0.0,0.0,0.0,0.0,
2025-08-02,Frühstück,609.9,5.0,0.8,0.0,0.0,0.0,0.0,0.2,0.0,49.6,0.0,25.5,86.9,0.0,0.0,0.0,0.0,
2025-08-04,Frühstück,1083.6,19.5,2.9,0.0,0.0,0.0,0.0,2367.2,0.0,64.4,1.4,21.4,161.0,0.0,0.0,0.0,0.0,
2025-08-05,Abendessen,146.0,5.2,0.0,0.0,0.0,0.0,0.0,0.0,0.0,11.0,0.0,0.0,18.0,0.0,0.0,0.0,0.0,
2025-08-05,Frühstück,3207.5,136.2,60.8,0.0,0.0,0.0,0.0,9.9,0.0,345.5,2.8,60.8,174.7,0.0,0.0,0.0,0.0,
2025-08-05,Mittagessen,291.0,13.5,8.7,0.0,0.0,0.0,0.0,2.1,0.0,9.0,0.0,9.0,33.0,0.0,0.0,0.0,0.0,
2025-08-06,Frühstück,1858.0,28.9,2.9,3.5,1.3,0.1,17.4,177.5,42.6,212.9,10.7,34.7,187.9,36.3,0.8,0.9,2.1,
2025-08-07,Frühstück,2483.7,78.0,24.7,13.5,5.4,0.6,68.1,1480.8,243.0,280.9,19.6,92.3,189.7,141.6,3.3,3.3,8.4,
2025-08-08,Frühstück,2351.0,106.6,29.1,0.0,0.0,0.0,0.0,0.6,0.0,188.2,13.3,42.8,179.0,0.0,0.0,12.0,0.0,
2025-08-09,Frühstück,120.0,0.0,0.0,0.0,0.0,0.0,0.0,0.0,0.0,26.5,0.0,18.0,3.5,0.0,0.0,0.0,0.0,
2025-08-10,Frühstück,1857.5,72.5,1.2,0.0,0.0,0.0,0.0,590.2,0.0,179.5,10.8,22.2,122.7,0.0,0.0,0.0,0.0,
2025-08-11,Frühstück,304.5,3.7,2.3,0.0,0.0,0.0,0.0,0.0,0.0,40.5,0.0,9.9,26.9,0.0,0.0,0.0,0.0,
2025-08-23,Frühstück,320.0,14.5,11.4,0.0,0.0,0.0,0.0,0.6,0.0,29.7,0.8,3.0,26.5,0.0,0.0,0.0,0.0,
2025-08-26,Frühstück,2436.8,43.8,13.2,2.0,1.1,0.0,0.0,150.2,148.8,298.0,7.1,24.1,204.7,0.0,0.0,0.0,0.0,
2025-08-27,Abendessen,1369.3,26.0,0.8,0.0,0.0,0.0,0.0,150.2,0.0,149.4,9.5,27.3,133.3,0.0,0.0,0.0,0.0,
2025-08-27,Frühstück,144.0,5.5,2.8,0.0,0.0,0.0,0.0,0.1,0.0,14.0,0.0,1.2,13.0,0.0,0.0,0.0,0.0,
2025-08-27,Mittagessen,636.3,9.1,5.8,0.0,0.0,0.0,0.0,1600.0,0.0,103.6,0.0,7.4,34.1,0.0,0.0,0.0,0.0,
2025-08-28,Frühstück,988.3,27.1,23.0,0.0,0.0,0.0,0.0,1601.0,0.0,135.0,1.6,11.0,61.1,0.0,0.0,0.0,0.0,
2025-08-29,Abendessen,1151.2,26.0,4.3,9.0,3.6,0.4,45.4,461.0,110.8,170.5,1.8,52.5,61.5,94.4,2.2,2.2,5.6,
2025-08-29,Frühstück,752.0,34.0,28.0,0.0,0.0,0.0,0.0,3201.0,0.0,45.4,1.6,17.6,77.0,0.0,0.0,0.0,0.0,
2025-08-29,Mittagessen,495.9,5.0,2.9,0.0,0.0,0.0,0.0,0.0,0.0,95.9,0.0,12.3,16.3,0.0,0.0,0.0,0.0,
2025-08-30,Frühstück,781.3,33.0,18.6,9.0,3.6,0.4,45.4,462.0,110.8,104.0,3.4,43.8,32.2,94.4,2.2,2.2,5.6,
2025-08-31,Abendessen,722.0,34.5,6.8,0.3,2.4,0.0,25.8,465.3,2.7,27.0,0.0,6.2,71.3,0.0,0.0,0.0,0.0,
2025-08-31,Frühstück,388.3,6.6,2.7,0.0,0.0,0.0,0.0,150.0,0.0,44.8,5.0,10.7,39.7,0.0,0.0,0.0,0.0,
2025-08-31,Mittagessen,1175.0,59.9,5.6,0.0,0.0,0.0,0.0,0.0,0.0,115.1,2.5,11.4,45.7,0.0,0.0,0.0,0.0,
2025-09-01,Frühstück,988.3,27.1,23.0,0.0,0.0,0.0,0.0,1601.0,0.0,135.0,1.6,11.0,61.1,0.0,0.0,0.0,0.0,
2025-09-01,Mittagessen,1585.9,38.8,11.2,0.5,3.5,0.0,38.7,398.2,4.1,194.5,14.5,69.0,122.3,0.0,0.0,0.0,0.0,
2025-09-02,Frühstück,484.6,12.8,3.3,2.4,0.2,0.0,0.0,151.6,40.7,53.8,11.9,11.1,43.3,0.0,0.4,8.9,7.4,
2025-09-02,Mittagessen,1685.0,17.4,6.2,0.0,0.0,0.0,83.4,151.8,0.0,222.9,12.0,46.7,165.6,0.0,0.0,0.0,0.0,
2025-09-03,Frühstück,2129.5,29.5,10.0,2.4,0.2,0.0,0.0,1901.8,40.7,277.5,25.7,70.4,200.4,0.0,0.4,10.2,9.0,
2025-09-04,Frühstück,2094.5,38.1,8.8,4.4,1.3,0.0,0.0,151.6,40.7,268.5,16.3,43.4,175.0,0.0,0.4,8.9,7.4,
2025-09-05,Mittagessen,1241.7,30.9,10.9,3.4,0.7,0.0,0.0,1751.6,40.7,146.4,16.9,18.6,103.5,0.0,0.4,8.9,7.4,
2025-09-05,Snacks,989.3,13.3,5.8,0.0,0.0,0.0,0.0,1600.0,0.0,128.6,0.0,7.4,85.9,0.0,0.0,0.0,0.0,
2025-09-06,Abendessen,1181.0,17.6,1.6,0.0,0.0,0.0,0.0,0.2,372.0,117.4,11.8,26.7,106.3,0.0,0.0,0.0,0.0,
2025-09-06,Frühstück,1072.3,18.8,8.8,0.0,0.0,0.0,0.0,1750.0,0.0,153.2,8.5,18.3,75.7,0.0,0.1,2.6,3.2,
2025-09-07,Frühstück,1040.5,34.4,18.2,0.0,0.0,0.0,0.0,1808.0,0.0,119.4,3.8,50.5,62.3,0.0,0.0,0.0,0.0,
2025-09-08,Abendessen,516.0,18.6,9.0,0.0,0.0,0.0,0.0,0.0,0.0,27.0,0.0,0.0,58.8,0.0,0.0,0.0,0.0,
2025-09-08,Frühstück,1681.9,25.5,17.1,0.0,0.0,0.0,0.0,1900.5,0.0,247.8,5.8,20.5,121.1,0.0,0.0,0.0,0.0,
2025-09-09,Frühstück,2378.9,49.6,26.4,0.0,0.0,0.0,0.0,3500.0,0.0,296.9,5.0,43.6,184.4,0.0,0.0,0.0,0.0,
2025-09-10,Frühstück,2473.4,54.0,14.5,0.0,0.0,0.0,0.0,1900.0,0.0,323.9,8.1,64.5,167.9,0.0,0.0,0.0,0.0,
2025-09-11,Frühstück,2330.3,39.2,9.0,0.0,0.0,0.0,0.0,1900.2,0.0,307.3,9.8,69.5,184.9,0.0,0.0,0.0,0.0,
2025-09-12,Frühstück,2191.1,29.8,3.7,0.0,0.0,0.0,0.0,900.2,0.0,317.1,18.3,63.9,171.4,0.0,0.0,0.0,0.0,
2025-09-13,Frühstück,789.3,16.5,7.5,0.0,0.0,0.0,0.0,150.0,0.0,68.3,9.7,17.2,100.7,0.0,0.0,0.0,0.0,
2025-09-13,Snacks,232.0,11.0,4.6,0.0,0.0,0.0,0.0,0.0,0.0,24.0,0.0,1.0,12.0,0.0,0.0,0.0,0.0,
2025-09-15,Frühstück,1919.4,21.4,9.3,0.0,0.0,0.0,0.0,1900.2,0.0,241.3,14.5,68.4,192.8,0.0,0.0,0.0,0.0,
2025-09-16,Abendessen,463.4,17.1,0.0,0.0,0.0,0.0,0.0,0.0,446.4,32.6,2.7,0.0,8.1,0.0,0.0,0.0,0.0,
2025-09-16,Frühstück,710.8,18.4,7.4,0.0,0.0,0.0,0.0,297.5,0.0,84.5,6.4,12.3,57.5,0.0,0.0,0.0,0.0,
2025-09-16,Mittagessen,1028.3,11.2,5.9,0.0,0.0,0.0,0.0,1600.2,0.0,135.0,4.5,33.8,95.5,0.0,0.0,0.0,0.0,
2025-09-16,Snacks,317.0,6.8,2.1,0.0,0.0,0.0,0.0,0.3,0.0,42.2,4.5,2.1,23.3,0.0,0.0,0.0,0.0,
2025-09-17,Mittagessen,1694.1,43.7,10.3,0.0,0.0,0.0,0.0,1752.8,148.8,146.5,18.7,49.2,169.6,0.0,0.0,0.0,0.0,
2025-09-17,Snacks,291.0,2.7,0.0,0.0,0.0,0.0,0.0,0.0,0.0,53.1,8.1,7.5,5.0,0.0,0.0,0.0,0.0,
2025-09-20,Frühstück,529.1,12.7,5.4,0.0,0.0,0.0,0.0,442.5,0.0,73.1,9.6,3.6,46.1,0.0,0.0,0.0,0.0,
2025-09-21,Frühstück,1146.1,50.8,10.4,0.0,0.0,0.0,0.0,2042.5,0.0,80.4,4.3,8.7,96.0,0.0,0.0,0.0,0.0,
2025-09-22,Frühstück,1085.5,21.6,17.3,0.0,0.0,0.0,0.0,0.4,0.0,101.3,4.3,39.8,119.6,0.0,0.0,0.0,0.0,
2025-09-23,Frühstück,1015.3,20.6,17.1,0.0,0.0,0.0,0.0,150.2,0.0,89.3,3.3,39.9,116.6,0.0,0.0,0.0,0.0,
2025-09-24,Frühstück,913.0,20.5,17.1,0.0,0.0,0.0,0.0,225.2,0.0,89.9,3.3,40.6,90.4,0.0,0.0,0.0,0.0,
2025-09-24,Mittagessen,56.0,0.3,0.1,0.0,0.0,0.0,0.0,0.0,0.0,13.7,3.3,10.4,0.4,0.0,0.0,0.0,0.0,
2025-09-25,Abendessen,545.4,27.3,13.8,0.0,0.0,0.0,0.0,24.0,372.0,20.6,2.3,1.3,24.1,0.0,0.0,0.0,0.0,
2025-09-25,Frühstück,852.8,18.6,10.8,0.0,0.0,0.0,0.0,150.2,0.0,70.6,3.3,59.3,99.3,0.0,0.0,0.0,0.0,
2025-09-26,Frühstück,1015.7,35.1,19.6,0.0,0.0,0.0,0.0,24.6,74.4,84.2,5.8,51.0,83.9,0.0,0.0,0.0,0.0,
2025-09-26,Snacks,1618.6,45.3,25.9,0.0,0.0,0.0,0.0,175.7,68.0,154.1,4.7,60.6,65.0,0.0,0.0,0.0,0.0,
2025-10-01,Frühstück,1901.7,29.7,4.7,1.8,15.4,0.0,62.0,267.0,809.6,255.1,18.8,52.7,139.9,30.5,188.0,11.6,16.0,
2025-10-17,Frühstück,876.3,8.8,1.6,0.0,0.0,0.0,0.0,150.2,0.0,103.0,13.2,31.1,100.1,0.0,0.0,0.0,0.0,
2025-10-22,Frühstück,848.3,8.7,1.5,0.0,0.0,0.0,0.0,150.2,0.0,96.2,11.6,25.9,99.9,0.0,0.0,0.0,0.0,
2025-10-27,Frühstück,1219.7,46.4,19.6,0.9,0.3,0.0,0.0,241.4,713.7,102.6,15.5,22.6,97.8,32.0,263.6,11.8,16.3,
2025-10-28,Frühstück,2686.0,71.2,26.2,0.0,0.0,0.0,0.0,464.1,0.0,367.1,28.2,96.0,155.0,0.0,0.0,0.0,0.0,
2025-10-29,Frühstück,2012.0,47.5,17.7,0.0,0.0,0.0,0.0,150.2,0.0,248.4,9.8,64.0,151.2,0.0,0.0,0.0,0.0,
2025-10-30,Frühstück,1650.6,34.7,11.0,6.9,2.7,0.3,34.9,558.8,85.2,217.9,13.5,80.5,125.2,72.5,1.7,1.7,4.3,
2025-10-31,Frühstück,1898.0,22.3,10.0,0.0,0.0,0.0,0.0,210.2,0.0,276.6,5.8,77.6,145.6,0.0,0.0,0.0,0.0,
2025-11-01,Frühstück,2155.7,59.0,12.7,5.2,1.1,0.1,24.4,382.4,373.7,279.2,15.4,129.6,127.1,29.0,0.7,8.7,12.7,
2025-11-02,Frühstück,1601.5,26.0,3.2,2.4,0.0,0.0,0.0,150.2,34.5,218.8,8.9,50.2,121.7,0.0,0.0,0.0,0.0,
2025-11-03,Abendessen,993.6,72.3,34.8,0.0,0.0,0.0,0.0,5.6,0.0,30.3,0.0,5.2,52.7,0.0,0.0,0.0,0.0,
2025-11-03,Frühstück,517.5,13.6,3.2,5.2,2.0,0.2,26.2,415.9,63.9,63.1,3.5,32.3,38.9,54.4,1.3,1.3,3.2,
2025-11-03,Mittagessen,872.3,3.2,3.9,0.0,0.0,0.0,0.0,20.2,133.8,138.6,6.1,30.6,72.2,0.0,0.0,4.4,3.6,
2025-11-03,Snacks,106.0,6.0,4.0,0.0,0.0,0.0,0.0,0.1,0.0,10.8,0.0,7.4,1.2,0.0,0.0,0.0,0.0,
2025-11-04,Abendessen,1502.0,95.7,44.0,6.9,2.7,0.3,34.9,360.4,85.2,99.2,1.3,48.9,58.7,72.5,1.7,1.7,4.3,
2025-11-04,Frühstück,407.0,9.0,2.8,2.4,0.0,0.0,0.0,150.0,0.0,35.7,7.1,4.9,36.2,0.0,0.0,1.0,0.0,
2025-11-04,Mittagessen,1005.9,12.8,2.9,0.0,0.0,0.0,0.0,14.1,93.1,146.6,6.8,40.2,76.5,0.0,0.0,3.0,2.5,
2025-11-05,Abendessen,1077.4,55.9,6.1,0.0,0.0,0.0,26.6,0.0,446.4,63.7,4.1,10.8,40.8,0.0,0.0,0.0,0.0,
2025-11-05,Frühstück,245.6,5.1,0.7,2.4,0.0,0.0,0.0,150.0,0.0,21.4,5.6,0.8,31.5,0.0,0.0,0.0,0.0,
2025-11-05,Mittagessen,865.3,3.2,3.9,0.0,0.0,0.0,0.0,20.2,133.8,136.9,6.1,30.6,72.1,0.0,0.0,4.4,3.6,
2025-11-05,Snacks,185.0,3.4,0.2,0.0,0.0,0.0,0.0,0.0,0.0,29.1,1.6,0.6,10.4,0.0,0.0,0.0,0.0,
2025-11-06,Frühstück,245.6,5.1,0.7,2.4,0.0,0.0,0.0,150.0,0.0,21.4,5.6,0.8,31.5,0.0,0.0,0.0,0.0,
2025-11-06,Snacks,1694.9,21.6,10.5,0.0,0.0,0.0,0.0,919.2,133.8,255.0,16.6,38.7,122.8,0.0,0.0,4.4,3.6,
2025-11-07,Snacks,778.2,29.2,0.7,2.4,0.0,0.0,0.0,150.1,0.0,96.0,9.4,48.2,38.6,0.0,0.0,0.0,0.0,
2025-11-08,Frühstück,927.6,20.4,11.6,2.4,0.0,0.0,5.0,239.2,0.0,94.4,11.3,62.8,93.9,0.0,0.0,2.6,4.0,
2025-11-10,Frühstück,2369.6,66.6,26.6,2.4,0.0,14.0,5.0,2205.2,133.8,249.7,14.3,57.9,194.3,0.0,0.1,9.6,10.8,
2025-11-11,Frühstück,3240.3,109.3,58.1,0.0,0.0,0.0,7.5,1542.9,133.8,369.0,14.1,145.6,188.8,0.0,0.0,8.3,9.6,
2025-11-11,Snacks,387.3,11.2,3.0,2.4,0.0,0.0,0.0,150.0,0.0,36.0,9.1,10.8,40.2,0.0,0.1,2.6,3.2,
2025-11-12,Abendessen,750.0,13.4,3.8,0.0,0.0,0.0,0.0,100.0,0.0,105.0,7.8,7.2,59.4,0.0,0.0,0.0,0.0,
2025-11-12,Snacks,1515.8,36.6,15.2,2.4,0.0,0.0,0.0,166.2,107.0,174.2,19.9,43.2,134.0,0.0,0.1,6.1,6.1,
2025-11-13,Abendessen,1069.5,29.4,9.3,0.0,0.0,0.0,0.0,100.0,0.0,137.3,9.8,7.2,72.4,0.0,0.0,0.0,0.0,
2025-11-13,Mittagessen,1146.6,14.4,6.4,2.4,0.0,0.0,0.0,16.2,107.0,154.3,14.6,40.7,104.0,0.0,0.1,6.1,6.1,
2025-11-13,Snacks,244.5,13.2,8.9,0.0,0.0,0.0,0.0,0.0,0.0,25.5,0.0,21.0,4.9,0.0,0.0,0.0,0.0,
2025-11-14,Frühstück,705.0,4.2,0.2,0.0,0.0,0.0,0.0,0.0,0.0,151.2,8.0,20.8,20.8,0.0,0.0,0.0,0.0,
2025-11-14,Mittagessen,1576.3,41.3,19.4,2.4,0.0,0.0,0.0,166.2,107.0,177.0,24.0,46.3,133.2,0.0,0.1,6.1,6.1,
2025-11-14,Snacks,325.0,1.0,0.5,0.0,0.0,0.0,0.0,0.0,0.0,22.0,0.0,22.0,53.0,0.0,0.0,0.0,0.0,
2025-11-15,Frühstück,2939.8,104.9,51.3,2.4,0.0,0.0,5.0,186.4,0.0,356.0,11.1,51.8,77.3,0.0,0.1,10.2,7.2,
2025-11-17,Frühstück,2664.1,56.9,21.6,5.0,0.3,0.0,29.0,170.2,134.0,362.5,22.5,118.5,181.5,0.0,0.1,6.1,6.1,
2025-11-18,Frühstück,279.1,11.0,3.0,2.4,0.0,0.0,0.0,0.0,0.0,35.4,9.1,10.2,14.2,0.0,0.1,2.6,3.2,
2025-11-18,Snacks,1910.2,37.1,21.4,0.0,0.0,0.0,0.0,6.0,595.2,118.1,12.1,54.2,226.2,0.0,0.0,0.0,0.0,
2025-11-19,Frühstück,2351.4,51.4,12.0,2.4,0.0,0.0,0.0,200.7,297.6,248.6,19.0,59.0,207.4,0.0,0.1,2.6,3.2,
2025-11-20,Frühstück,2665.6,82.9,8.5,3.2,4.0,0.0,30.2,349.0,865.8,207.9,16.8,35.2,210.9,0.1,0.6,3.3,5.4,
2025-11-21,Frühstück,2912.2,68.2,34.2,2.4,0.0,0.0,0.0,103.5,744.0,334.0,24.4,84.6,175.8,0.0,0.1,2.6,3.2,
2025-11-22,Frühstück,1113.2,19.5,0.7,0.0,0.0,0.0,0.0,150.2,0.0,120.6,8.1,32.5,115.0,0.0,0.0,0.0,0.0,
2025-11-24,Frühstück,1988.4,35.3,9.5,2.4,2.0,0.0,0.0,17.1,153.4,271.5,24.9,51.9,160.6,0.0,2.7,6.8,6.5,
2025-11-25,Frühstück,2459.2,31.9,11.3,2.4,1.8,0.0,0.0,268.8,125.6,341.3,26.9,51.2,210.6,0.0,2.3,6.0,5.9,
2025-11-26,Frühstück,2201.2,42.3,11.9,2.4,2.0,0.0,0.0,69.2,147.0,315.3,28.4,58.3,154.2,0.0,2.1,6.6,6.6,
2025-11-28,Frühstück,2910.1,67.1,34.6,2.4,0.0,0.0,0.0,17.9,107.0,390.4,27.8,58.6,192.4,0.0,0.1,6.1,6.1,
2025-12-01,Frühstück,2139.7,42.8,21.9,3.9,6.0,0.0,0.0,137.2,544.0,270.7,24.0,48.5,167.5,0.0,0.1,14.1,22.5,
2025-12-02,Frühstück,1547.2,16.8,7.1,2.4,0.0,0.0,0.0,63.4,107.0,225.3,23.1,74.9,132.9,0.0,0.1,6.1,6.1,
2025-12-03,Frühstück,2481.6,61.1,36.6,2.4,0.0,0.0,66.9,1727.9,107.0,297.2,26.8,63.9,194.2,0.0,0.1,6.1,6.1,
2025-12-04,Frühstück,2306.1,34.4,17.0,2.4,0.0,0.0,44.6,1157.0,107.0,323.8,28.5,57.2,191.4,0.0,0.1,6.1,6.1,
2025-12-05,Frühstück,1636.5,17.6,7.3,2.4,0.0,0.0,0.0,63.4,107.0,236.6,25.9,76.1,143.2,0.0,0.1,6.1,6.1,
2025-12-09,Mittagessen,957.0,5.0,3.6,0.0,0.0,0.0,0.0,16.2,107.0,141.0,14.9,35.3,92.4,0.0,0.0,3.5,2.9,
2025-12-10,Frühstück,1195.8,8.7,6.0,0.0,0.0,0.0,0.0,16.2,107.0,152.8,14.9,45.1,131.2,0.0,0.0,3.5,2.9,
2025-12-11,Frühstück,381.5,3.3,1.8,0.0,0.0,0.0,0.0,204.0,0.0,44.4,0.0,2.4,41.5,0.0,0.0,0.0,0.0,
2025-12-11,Mittagessen,931.0,23.3,3.3,0.0,0.0,0.0,0.0,16.1,107.0,123.6,13.2,20.3,59.6,0.0,0.0,3.5,2.9,
2025-12-12,Frühstück,366.5,2.2,1.3,0.0,0.0,0.0,0.0,0.0,0.0,44.9,0.0,0.0,40.9,0.0,0.0,0.0,0.0,
2025-12-12,Mittagessen,689.0,3.1,3.3,0.0,0.0,0.0,0.0,16.1,107.0,123.6,13.2,20.3,46.2,0.0,0.0,3.5,2.9,
2025-12-12,Snacks,198.0,0.9,0.1,0.0,0.0,0.0,0.0,0.1,0.0,16.8,1.6,15.0,30.2,0.0,0.0,0.0,0.0,
2025-12-14,Frühstück,1050.9,9.0,7.1,0.0,0.0,0.0,0.0,16.2,107.0,130.7,6.7,43.9,112.0,0.0,0.0,3.5,2.9,
2025-12-15,Frühstück,1026.6,32.3,15.5,0.0,0.0,0.0,22.3,570.6,0.0,92.5,1.9,33.0,91.3,0.0,0.0,0.0,0.0,
2025-12-16,Frühstück,1650.1,33.2,16.7,3.5,1.3,0.1,84.3,1896.7,96.1,189.9,15.9,59.4,153.9,36.3,0.8,2.7,3.6,
2025-12-17,Abendessen,415.8,19.6,11.8,0.0,0.0,0.0,22.3,750.4,0.0,47.0,3.5,2.2,20.4,0.0,0.0,0.0,0.0,
2025-12-17,Frühstück,1304.3,7.5,4.4,0.0,0.0,0.0,0.0,12.2,80.3,181.3,19.0,37.6,134.6,0.0,0.0,2.6,2.2,
2025-12-18,Frühstück,1248.3,6.8,4.1,0.0,0.0,0.0,0.0,12.5,1049.3,160.2,6.4,31.7,138.7,0.0,0.0,2.6,2.2,
2025-12-18,Snacks,805.5,41.2,18.9,4.4,1.7,0.2,47.0,860.1,53.7,96.1,6.8,23.7,30.2,45.7,1.1,1.1,2.7,
2025-12-19,Frühstück,1969.3,31.8,8.0,0.5,0.3,0.0,18.1,394.6,1151.2,237.5,6.2,45.1,182.1,0.2,0.0,3.2,4.5,
2025-12-20,Frühstück,564.5,2.2,1.3,0.0,0.0,0.0,0.0,0.0,0.0,44.9,0.0,0.0,88.9,0.0,0.0,0.0,0.0,
2025-12-22,Frühstück,1749.1,20.7,8.5,0.0,0.0,0.0,0.0,0.2,297.6,125.4,5.0,30.0,254.4,0.0,0.0,0.0,0.0,
2025-12-26,Frühstück,1418.7,46.2,7.6,0.0,0.0,0.0,0.0,0.9,0.0,161.4,5.6,26.3,93.9,0.0,0.0,0.0,0.0,
2025-12-29,Frühstück,1938.0,41.0,13.0,0.0,0.0,0.0,0.0,8.3,822.9,198.2,7.0,30.3,155.8,0.0,0.0,1.8,1.5,
2025-12-30,Frühstück,1914.9,32.5,13.9,0.0,0.0,0.0,0.0,13.0,80.3,230.2,6.9,51.2,174.2,0.0,0.0,2.6,2.2,
2026-01-02,Frühstück,1030.0,5.6,3.4,0.0,0.0,0.0,0.0,8.3,376.5,120.7,4.3,30.3,123.3,0.0,0.0,1.8,1.5,
2026-01-03,Frühstück,238.8,3.7,2.4,0.0,0.0,0.0,0.0,0.0,0.0,11.8,0.0,9.8,38.8,0.0,0.0,0.0,0.0,
2026-01-04,Frühstück,325.6,7.3,4.6,0.0,0.0,0.0,0.0,0.0,0.0,17.8,0.8,13.8,47.6,0.0,0.0,0.0,0.0,
2026-01-05,Frühstück,932.3,8.8,5.3,0.0,0.0,0.0,0.0,0.0,0.0,85.3,1.4,13.9,126.8,0.0,0.0,0.0,0.0,
2026-01-06,Frühstück,1075.0,5.3,3.2,0.0,0.0,0.0,0.0,8.3,376.5,140.1,4.3,30.4,115.4,0.0,0.0,1.8,1.5,
2026-01-07,Frühstück,1686.0,5.3,3.2,0.0,0.0,0.0,0.0,8.3,376.5,186.1,4.3,30.4,144.4,0.0,0.0,1.8,1.5,
2026-01-08,Frühstück,2122.4,32.4,9.9,0.0,0.0,0.0,1.6,16.6,376.5,203.4,4.6,37.6,174.7,0.0,0.0,3.1,2.8,
2026-01-09,Frühstück,1879.0,29.2,8.5,0.0,0.0,0.0,0.0,4908.3,376.5,260.7,15.1,44.2,149.2,0.0,0.0,1.8,1.5,
2026-01-10,Frühstück,1469.0,29.1,11.2,0.0,0.0,0.0,0.0,0.2,0.0,140.6,4.6,28.6,163.2,0.0,0.0,0.0,0.0,
2026-01-11,Frühstück,543.0,19.1,4.0,0.0,0.0,0.0,0.0,0.8,0.0,67.9,2.1,5.1,17.3,0.0,0.0,0.0,0.0,
2026-01-12,Frühstück,1677.0,24.4,11.2,0.0,0.0,0.0,0.0,8.3,376.5,217.3,2.7,25.2,142.8,0.0,0.0,1.8,1.5,
2026-01-13,Frühstück,1337.4,18.4,8.7,0.0,0.0,0.0,0.0,8.3,376.5,165.7,5.7,29.0,133.6,0.0,0.0,1.8,1.5,
2026-01-14,Frühstück,1770.3,13.4,17.9,0.0,0.0,0.0,0.0,12.9,705.1,219.6,5.1,25.3,168.6,0.0,0.0,2.8,2.3,
2026-01-15,Frühstück,521.0,16.1,9.4,0.0,0.0,0.0,0.0,0.0,0.0,89.4,3.2,34.3,6.1,0.0,0.0,0.0,0.0,
2026-01-16,Frühstück,1207.7,5.2,3.9,0.0,0.0,0.0,0.0,12.9,407.5,176.2,3.3,25.3,111.7,0.0,0.0,2.8,2.3,
2026-01-17,Frühstück,432.9,3.0,1.6,0.0,0.0,0.0,0.0,153.0,0.0,49.0,0.0,1.8,50.4,0.0,0.0,0.0,0.0,
2026-01-18,Frühstück,1013.4,36.2,10.8,0.0,0.0,0.0,0.0,0.0,0.0,61.3,0.0,4.5,108.9,0.0,0.0,0.0,0.0,
2026-01-19,Frühstück,1203.2,40.4,11.3,0.0,0.0,0.0,0.0,46.2,0.0,155.0,0.0,53.4,51.4,0.0,0.0,0.0,0.0,
2026-01-20,Frühstück,907.8,4.2,1.4,0.0,0.0,0.0,0.0,0.2,0.0,112.1,1.6,24.9,103.1,0.0,0.0,0.0,0.0,
2026-01-21,Frühstück,2098.7,54.4,4.8,0.0,0.0,0.0,0.0,12.9,407.5,204.7,4.0,28.0,194.9,21.0,12.0,8.8,26.3,
2026-01-22,Frühstück,2241.5,49.0,3.5,0.0,0.0,0.0,0.0,336.2,0.0,264.7,2.1,35.3,172.7,0.0,0.0,0.8,11.2,
2026-01-23,Frühstück,1322.4,18.9,5.1,0.0,0.0,0.0,0.0,12.9,407.5,171.5,3.0,20.7,114.6,0.0,0.0,2.8,2.3,
2026-01-27,Frühstück,1051.5,24.0,7.4,0.0,0.0,0.0,0.0,0.0,0.0,107.9,1.3,15.4,98.2,0.0,0.0,0.0,0.0,
2026-01-28,Frühstück,1780.5,53.7,29.6,0.0,0.0,0.0,0.0,0.0,0.0,152.6,1.3,28.1,122.0,0.0,0.0,0.0,0.0,
2026-01-29,Frühstück,1607.0,38.7,9.0,0.0,0.0,0.0,0.0,0.0,0.0,170.8,2.6,11.1,140.7,0.0,0.0,0.0,0.0,
2026-01-30,Frühstück,1178.5,25.5,7.4,0.0,0.0,0.0,0.0,0.0,0.0,132.8,4.3,13.1,109.0,0.0,0.0,0.0,0.0,
2026-02-04,Frühstück,1328.5,28.2,7.2,0.0,0.0,0.0,0.0,0.0,0.0,169.3,11.3,11.2,103.3,0.0,0.0,0.0,0.0,
2026-02-05,Frühstück,1328.5,28.2,7.2,0.0,0.0,0.0,0.0,0.0,0.0,169.3,11.3,11.2,103.3,0.0,0.0,0.0,0.0,
2026-02-06,Frühstück,2416.5,68.0,21.6,0.0,0.0,0.0,0.0,0.1,0.0,275.3,17.3,21.0,184.3,0.0,0.0,0.0,0.0,
2026-02-16,Frühstück,1602.8,12.6,7.7,0.0,0.0,0.0,0.0,16.2,107.0,223.9,6.2,30.2,146.9,0.0,0.0,3.5,2.9,
2026-02-17,Frühstück,2248.4,26.2,13.2,0.0,0.0,0.0,0.0,12.3,675.5,227.1,10.3,35.1,212.1,0.0,15.0,18.6,2.2,
2026-02-19,Frühstück,2882.6,60.1,28.1,0.0,0.0,0.0,0.0,0.2,0.0,352.1,10.0,33.0,214.7,0.0,0.0,1.0,0.0,
2026-02-20,Frühstück,2855.4,69.3,28.6,2.5,10.0,0.0,0.0,195.2,683.8,309.4,12.8,25.6,223.7,0.0,0.0,12.9,26.1,
2026-02-23,Frühstück,1899.0,28.7,9.9,0.0,0.0,0.0,0.0,0.2,0.0,222.1,10.0,25.1,176.1,0.0,0.0,1.0,0.0,
2026-02-24,Frühstück,2155.5,17.1,8.4,0.0,0.0,0.0,0.0,16.2,107.0,296.9,12.2,24.9,191.6,0.0,0.0,4.5,2.9,
2026-02-25,Frühstück,2310.5,28.3,13.2,0.0,0.0,0.0,0.0,256.2,107.0,333.1,12.2,40.0,170.5,0.0,0.0,4.5,2.9,
2026-02-26,Frühstück,2774.1,40.9,12.7,6.2,5.0,0.0,182.5,162.7,1760.8,331.0,23.6,36.3,179.4,0.5,9.1,6.3,14.9,
2026-02-27,Frühstück,2361.6,53.8,8.7,0.0,0.0,0.0,0.0,0.3,0.0,290.5,15.4,27.8,171.2,0.0,0.0,1.0,0.0,
2026-02-28,Frühstück,1136.6,41.9,7.8,0.0,0.0,0.0,0.0,34.2,0.0,56.5,2.4,35.3,120.5,0.0,0.0,1.0,0.0,
2026-03-01,Frühstück,1458.0,61.4,13.8,0.0,0.0,0.0,10.4,150.4,339.6,150.1,7.4,58.7,62.5,0.0,0.0,9.0,11.0,
2026-03-02,Frühstück,861.6,34.8,10.2,0.0,0.0,0.0,0.0,0.7,0.0,67.9,6.0,8.4,71.1,0.0,0.0,1.0,0.0,
2026-03-04,Frühstück,2051.1,53.7,20.8,0.0,0.0,0.0,0.0,0.2,0.0,159.5,1.5,38.4,189.7,0.0,0.0,1.0,0.0,
2026-03-06,Frühstück,1000.0,12.0,1.3,0.0,0.0,0.0,62.0,0.2,0.0,66.1,0.0,19.6,155.1,0.0,0.0,0.0,0.0,
2026-03-07,Frühstück,1361.5,35.6,7.2,0.0,0.0,0.0,124.0,0.1,0.0,95.3,0.7,0.0,164.8,0.0,0.0,0.0,0.0,
2026-03-14,Frühstück,421.3,11.2,3.2,0.0,0.0,0.0,0.0,0.1,0.0,71.2,4.9,0.0,12.8,0.0,0.0,0.0,0.0,
2026-03-28,Frühstück,490.6,14.5,5.8,0.0,0.0,0.0,0.0,0.1,0.0,45.8,5.7,4.3,33.8,0.0,0.0,1.0,0.0,
